y,pct,r,g,b,luma,jump
0,0.0,6.5,25.0,21.750868055555557,20.832312673611113,0.0
1,0.001001001001001001,6.749131944444445,26.0,22.0,21.618465451388886,1.0602515981998513
2,0.002002002002002002,7.0,25.625,22.0,21.403599999999997,0.45117599814066484
3,0.003003003003003003,6.5,26.0,22.5,21.6016,0.8003905296791061
4,0.004004004004004004,7.0,25.5,22.0,21.314199999999996,0.8660254037844386
5,0.005005005005005005,6.625868055555555,26.749131944444443,22.749131944444443,22.182126041666663,1.5038297764948159
6,0.006006006006006006,7.0,26.5,22.5,22.0655,0.5139145486743092
7,0.007007007007007007,7.5,26.5,23.0,22.2079,0.7071067811865476
8,0.008008008008008008,7.5,26.5,23.0,22.2079,0.0
9,0.009009009009009009,7.375868055555555,27.250868055555557,22.872395833333332,22.70931736111111,0.7716828362974238
10,0.01001001001001001,36.65277777777778,58.24652777777778,64.29513888888889,54.092406249999996,59.44503349099499
11,0.011011011011011011,51.40538194444444,63.38194444444444,61.62152777777778,60.70862517361111,15.848029228017127
12,0.012012012012012012,23.518229166666668,37.25694444444444,35.16059027777778,34.18473680555555,46.47999707863615
13,0.013013013013013013,22.89670138888889,36.638020833333336,34.53559027777778,33.56482083333333,1.0770274903363408
14,0.014014014014014014,22.90017361111111,36.638888888888886,34.552083333333336,33.567370659722215,0.0168769289021049
15,0.015015015015015015,22.401041666666668,36.14149305555556,34.052951388888886,33.069480381944445,0.8635207067274903
16,0.016016016016016016,21.8984375,35.643229166666664,33.578125,32.571985937499996,0.852254627976075
17,0.01701701701701702,21.90017361111111,35.654513888888886,33.588541666666664,32.58117795138889,0.015455289769758943
18,0.018018018018018018,21.513020833333332,35.283854166666664,33.21788194444444,32.20701180555555,0.6516628980514071
19,0.01901901901901902,20.88107638888889,34.66319444444444,32.6015625,31.584266319444442,1.0790838379169003
20,0.02002002002002002,20.87326388888889,34.66753472222222,32.611111111111114,31.58639895833333,0.013078575671286738
21,0.021021021021021023,20.368055555555557,34.18055555555556,32.118923611111114,31.095168229166667,0.8571071718245344
22,0.022022022022022022,19.85763888888889,33.68836805555556,31.6328125,30.599543923611108,0.8596962958586273
23,0.023023023023023025,19.860243055555557,33.690104166666664,31.647569444444443,30.602404687499995,0.015085197219601302
24,0.024024024024024024,19.61284722222222,33.44965277777778,31.40625,30.360414236111108,0.4210185780179591
25,0.025025025025025027,18.860243055555557,32.82899305555556,30.765625,29.710261631944444,1.1670612293697316
26,0.026026026026026026,18.856770833333332,32.837673611111114,30.76996527777778,29.71604513888889,0.010307588617223008
27,0.02702702702702703,17.99652777777778,54.16753472222222,40.57899305555556,45.4964859375,23.49297808025065
28,0.028028028028028028,17.55642361111111,54.123263888888886,40.328125,45.35314461805555,0.5085138793578954
29,0.02902902902902903,17.5625,54.4140625,40.46961805555556,45.57263142361111,0.3234517576030931
30,0.03003003003003003,17.602430555555557,54.517361111111114,40.52777777777778,45.659198958333334,0.1250903897724626
31,0.031031031031031032,16.725694444444443,53.78125,39.697916666666664,44.886422222222215,1.4139290081761717
32,0.03203203203203203,16.75,53.89930555555556,39.744791666666664,44.97940729166667,0.1293257122671107
33,0.03303303303303303,16.32465277777778,53.5234375,39.3203125,44.58951024305555,0.7087874276349017
34,0.03403403403403404,15.883680555555555,53.1328125,39.8125,44.2519204861111,0.7676541711948525
35,0.035035035035035036,16.219618055555557,53.83940972222222,40.71788194444444,44.89406770833333,1.1965993914775366
36,0.036036036036036036,17.48090277777778,56.408854166666664,44.19965277777778,47.251267361111104,4.507284330885762
37,0.037037037037037035,18.06684027777778,58.05902777777778,46.79600694444444,48.74349861111111,3.131684955336519
38,0.03803803803803804,17.80902777777778,58.951388888888886,47.03211805555556,49.343951562499996,0.9583966269607926
39,0.03903903903903904,16.87934027777778,57.44444444444444,45.032986111111114,47.92419600694444,2.670529711049184
40,0.04004004004004004,16.194444444444443,56.14930555555556,43.338541666666664,46.72996493055555,2.2400020132442653
41,0.04104104104104104,15.324652777777779,55.192708333333336,42.411458333333336,45.79395347222221,1.5909428952386944
42,0.042042042042042045,15.302083333333334,55.4140625,42.950520833333336,45.98638802083333,0.5831770107175644
43,0.043043043043043044,20.49652777777778,59.822916666666664,48.6484375,50.65532899305555,8.881807388681175
44,0.044044044044044044,23.924479166666668,62.361979166666664,52.119791666666664,53.45068072916667,5.499817165499733
45,0.04504504504504504,21.233506944444443,60.526041666666664,49.75434027777778,51.394731944444445,4.025836345142985
46,0.04604604604604605,44.052951388888886,81.70659722222223,70.80381944444444,72.9142515625,37.5822238775594
47,0.04704704704704705,60.7734375,90.109375,82.9140625,83.35305312499999,22.289892710356575
48,0.04804804804804805,50.239583333333336,79.46006944444444,72.9453125,72.77742864583333,17.992936641434802
49,0.04904904904904905,48.271701388888886,80.41753472222223,72.78645833333333,73.03236684027777,2.194204582915623
50,0.05005005005005005,49.55815972222222,83.74826388888889,76.87934027777777,75.98351145833333,5.431428397415
51,0.05105105105105105,46.114583333333336,77.2265625,71.56770833333333,70.20358645833332,9.08868754360006
52,0.05205205205205205,53.439236111111114,85.11024305555556,77.34982638888889,77.81668489583332,12.216212450077728
53,0.05305305305305305,54.06944444444444,82.45486111111111,72.58246527777777,75.7073345486111,5.493263854760567
54,0.05405405405405406,19.18576388888889,45.545138888888886,37.21788194444444,39.339907812499995,61.88580223253091
55,0.055055055055055056,15.272569444444445,44.39149305555556,34.958333333333336,37.51973576388889,4.663641216342907
56,0.056056056056056056,16.717881944444443,53.93315972222222,40.185763888888886,45.0286296875,10.975352441429377
57,0.057057057057057055,16.375868055555557,54.1328125,40.14930555555556,45.09607690972222,0.3976983051720565
58,0.05805805805805806,13.92361111111111,52.0625,38.182291666666664,42.95202118055555,3.7641601464754486
59,0.05905905905905906,14.68923611111111,52.44618055555556,38.455729166666664,43.40894357638888,0.8989774611983723
60,0.06006006006006006,13.477430555555555,52.106770833333336,37.81163194444444,42.862064062500004,1.4136947675112388
61,0.06106106106106106,12.92361111111111,51.192708333333336,37.006076388888886,42.0324234375,1.3383370218436854
62,0.062062062062062065,11.68142361111111,50.52430555555556,35.93402777777778,41.212890798611106,1.7717449825193676
63,0.06306306306306306,11.253472222222221,50.11284722222222,35.955729166666664,40.82920017361111,0.5940633818045701
64,0.06406406406406406,11.485243055555555,50.388888888888886,35.75347222222222,41.06129670138888,0.4133093181820854
65,0.06506506506506507,11.270833333333334,50.17881944444444,36.001736111111114,40.88339618055555,0.38953261609118633
66,0.06606606606606606,10.940104166666666,50.174479166666664,35.57899305555556,40.77945694444443,0.536760943731626
67,0.06706706706706707,11.166666666666666,50.165798611111114,35.80121527777778,40.83746024305555,0.3174722578437136
68,0.06806806806806807,10.828125,49.65190972222222,35.50868055555556,40.37683194444444,0.6813727422626599
69,0.06906906906906907,10.82204861111111,49.88194444444444,35.46961805555556,40.53724062499999,0.2334068868650486
70,0.07007007007007007,10.825520833333334,49.337673611111114,35.44444444444444,40.14689878472222,0.5448637508963962
71,0.07107107107107107,10.377604166666666,49.33506944444444,35.115451388888886,40.02605590277778,0.5557630363433579
72,0.07207207207207207,10.588541666666666,48.72569444444444,35.07899305555556,39.632443923611106,0.6458805846289963
73,0.07307307307307308,9.839409722222221,26.1640625,23.87065972222222,22.52785763888889,25.20347537102521
74,0.07407407407407407,9.344618055555555,26.31597222222222,23.89409722222222,22.533002951388884,0.5181164671332689
75,0.07507507507507508,9.723090277777779,25.799479166666668,23.756944444444443,22.23416788194444,0.6548413425274101
76,0.07607607607607608,9.34982638888889,26.06423611111111,23.52517361111111,22.327432291666664,0.5129716264707456
77,0.07707707707707707,9.352430555555555,25.828993055555557,23.794270833333332,22.179168923611112,0.35743445815821484
78,0.07807807807807808,9.34982638888889,25.84375,23.303819444444443,22.153758854166664,0.49068025633441237
79,0.07907907907907907,7.845486111111111,25.856770833333332,23.569444444444443,21.86242673611111,1.5276668007357554
80,0.08008008008008008,8.096354166666666,25.62065972222222,23.32204861111111,21.729032638888885,0.42413197997680196
81,0.08108108108108109,7.836805555555555,25.877604166666668,23.33420138888889,21.858496701388887,0.3654225212932118
82,0.08208208208208208,7.3359375,25.393229166666668,23.360243055555557,21.407467361111113,0.6972561352213265
83,0.08308308308308308,7.710069444444445,25.65017361111111,23.130208333333332,21.65416597222222,0.5088331089979313
84,0.08408408408408409,7.336805555555555,25.31423611111111,23.239583333333332,21.342444444444443,0.5139482710153884
85,0.08508508508508508,7.3359375,25.31684027777778,22.88628472222222,21.318614236111113,0.35330927502333587
86,0.08608608608608609,7.3359375,25.32378472222222,22.89236111111111,21.324019618055555,0.00922755712910901
87,0.08708708708708708,6.8359375,25.078125,22.888020833333332,21.041710416666668,0.5571063966007636
88,0.08808808808808809,7.085069444444445,24.34722222222222,22.640625,20.55407222222222,0.8108577524181639
89,0.0890890890890891,50.857638888888886,71.98350694444444,77.83680555555556,67.91475555555556,85.04041278020011
90,0.09009009009009009,9.772569444444445,33.478298611111114,29.930555555555557,28.182313541666666,73.92998572372868
91,0.09109109109109109,9.745659722222221,33.403645833333336,29.87152777777778,28.1189390625,0.09890120792689244
92,0.0920920920920921,9.614583333333334,34.134548611111114,30.461805555555557,28.656431944444446,0.9485925074686686
93,0.09309309309309309,9.8515625,33.604166666666664,30.19878472222222,28.30849444444444,0.6376865148284583
94,0.0940940940940941,9.680555555555555,34.81163194444444,31.32204861111111,29.2168171875,1.657992019332115
95,0.09509509509509509,10.005208333333334,34.513020833333336,31.133680555555557,29.05867152777778,0.4796358474422213
96,0.0960960960960961,9.778645833333334,35.290798611111114,31.680555555555557,29.606255381944443,0.9774155225062622
97,0.0970970970970971,10.118055555555555,35.341145833333336,31.78732638888889,29.722131076388887,0.3593519349817856
98,0.0980980980980981,9.890625,35.384548611111114,31.91059027777778,29.713720659722224,0.2623022017123536
99,0.0990990990990991,10.265625,36.0703125,32.1484375,30.3010765625,0.8169874004064168
100,0.1001001001001001,10.941840277777779,36.548611111111114,32.93663194444444,30.84382673611111,1.1433665840595408
101,0.1011011011011011,11.303819444444445,37.30121527777778,33.368923611111114,31.490257465277775,0.9403818553407794
102,0.1021021021021021,11.078125,37.302083333333336,33.232638888888886,31.433055902777777,0.2636517803556882
103,0.1031031031031031,11.348090277777779,37.447916666666664,33.643229166666664,31.624395138888886,0.5125748613835605
104,0.1041041041041041,11.350694444444445,37.44965277777778,33.450520833333336,31.612276909722222,0.19273374769854706
105,0.10510510510510511,11.385416666666666,37.338541666666664,33.94878472222222,31.576166840277775,0.5116817513836814
106,0.1061061061061061,11.178819444444445,37.877604166666664,33.87934027777778,31.91276788194444,0.5814579279710487
107,0.10710710710710711,11.413194444444445,37.60503472222222,33.716145833333336,31.755871701388884,0.3947887655028732
108,0.10810810810810811,11.465277777777779,37.864583333333336,33.75086805555556,31.955080729166667,0.26699023925392656
109,0.1091091091091091,11.448784722222221,37.950520833333336,33.697048611111114,32.00915104166666,0.10273172532434742
110,0.11011011011011011,11.511284722222221,37.989583333333336,33.830729166666664,32.060027777777776,0.15265195655441333
111,0.1111111111111111,11.495659722222221,38.26475694444444,34.11024305555556,32.27369097222222,0.3925463933839148
112,0.11211211211211211,11.557291666666666,38.111111111111114,34.213541666666664,32.184364583333334,0.19513108858964492
113,0.11311311311311312,11.546006944444445,42.23871527777778,36.153645833333336,35.274103472222215,4.560838484221626
114,0.11411411411411411,31.502604166666668,62.372395833333336,62.55121527777778,55.82238888888889,38.7358043414285
115,0.11511511511511512,18.852430555555557,41.161458333333336,37.36631944444444,36.144549999999995,35.27335737006061
116,0.11611611611611612,18.95746527777778,41.56684027777778,37.86631944444444,36.49290954861111,0.6522015131490086
117,0.11711711711711711,18.780381944444443,41.46440972222222,37.58246527777778,36.36150902777777,0.3498910024420345
118,0.11811811811811812,18.859375,41.689236111111114,37.817708333333336,36.55608333333333,0.3348523602334885
119,0.11911911911911911,18.69184027777778,41.66493055555556,37.631076388888886,36.489607291666665,0.2519724704567097
120,0.12012012012012012,18.8046875,41.88194444444444,37.790798611111114,36.68033888888888,0.29213132629958743
121,0.12112112112112113,18.96701388888889,41.75694444444444,37.8359375,36.62870850694444,0.2097912672630348
122,0.12212212212212212,18.778645833333332,51.97309027777778,42.208333333333336,44.2109359375,11.114088515737068
123,0.12312312312312312,18.80121527777778,56.46180555555556,44.322916666666664,47.57873628472222,4.96190859432026
124,0.12412412412412413,18.8671875,54.817708333333336,43.44618055555556,46.35360329861111,1.8644232938766856
125,0.12512512512512514,18.955729166666668,50.66319444444444,41.6640625,43.27245,4.5214787452385465
126,0.12612612612612611,19.024305555555557,49.890625,41.252604166666664,42.70478038194444,0.8779887400597354
127,0.12712712712712712,18.96701388888889,52.02430555555556,42.290798611111114,44.29356614583333,2.373546450504105
128,0.12812812812812813,19.235243055555557,54.915798611111114,43.598958333333336,46.513036631944445,3.1849585295606637
129,0.12912912912912913,19.00347222222222,53.7109375,43.07899305555556,45.56450399305556,1.3325809192489813
130,0.13013013013013014,19.311631944444443,49.55555555555556,41.25434027777778,42.526349652777775,4.54879316721118
131,0.13113113113113112,19.118055555555557,50.42100694444444,41.505208333333336,43.12227881944444,0.921635885891597
132,0.13213213213213212,19.26215277777778,50.984375,41.692708333333336,43.56937222222222,0.6109859453969539
133,0.13313313313313313,19.015625,56.021701388888886,43.846354166666664,47.27514947916666,5.483942329095593
134,0.13413413413413414,20.25954861111111,56.05902777777778,44.48003472222222,47.61205520833333,1.3965279288565589
135,0.13513513513513514,20.50173611111111,44.08159722222222,39.24913194444444,38.71961475694444,13.072101643151166
136,0.13613613613613615,20.60503472222222,43.923611111111114,39.22222222222222,38.62664149305555,0.19066816071796755
137,0.13713713713713713,20.55295138888889,44.026041666666664,39.19184027777778,38.68663333333333,0.11886023250336851
138,0.13813813813813813,20.64236111111111,44.096354166666664,39.190104166666664,38.75580399305555,0.11375834108273086
139,0.13913913913913914,20.65972222222222,44.26996527777778,39.18402777777778,38.88322291666666,0.1745827843235895
140,0.14014014014014015,20.743055555555557,44.23784722222222,39.36371527777778,38.890942187499995,0.20065794674860174
141,0.14114114114114115,20.72309027777778,44.486979166666664,39.369791666666664,39.065315451388884,0.2500045210818032
142,0.14214214214214213,21.036458333333332,44.6171875,39.697916666666664,39.24875312499999,0.47203788400626656
143,0.14314314314314314,20.934895833333332,44.71180555555556,39.5859375,39.286746875,0.17834475492911217
144,0.14414414414414414,21.188368055555557,44.873263888888886,39.8828125,39.47754444444444,0.42243547017982436
145,0.14514514514514515,21.06597222222222,44.842013888888886,39.7421875,39.419019965277776,0.18903093170791305
146,0.14614614614614616,21.34548611111111,45.109375,39.9609375,39.685455034722224,0.4443664482342922
147,0.14714714714714713,21.2265625,44.99565972222222,40.06944444444444,39.58667690972222,0.19709831727453545
148,0.14814814814814814,21.430555555555557,45.265625,40.109375,39.8260079861111,0.34071816386494747
149,0.14914914914914915,21.50434027777778,45.17274305555556,40.49913194444444,39.803405902777776,0.4074085376865088
150,0.15015015015015015,21.50347222222222,45.32899305555556,40.357638888888886,39.90475555555555,0.2107963490928994
151,0.15115115115115116,21.64670138888889,45.4140625,40.79253472222222,40.02744722222222,0.46570998530502944
152,0.15215215215215216,21.69704861111111,45.4765625,40.56597222222222,40.06649322916667,0.2403573572656842
153,0.15315315315315314,21.791666666666668,45.587673611111114,40.77430555555556,40.181117361111106,0.25436397784914366
154,0.15415415415415415,21.84809027777778,45.56597222222222,40.70746527777778,40.17276631944444,0.09012323176592936
155,0.15515515515515516,21.938368055555557,45.75868055555556,40.877604166666664,40.34206840277778,0.27245884167879486
156,0.15615615615615616,22.122395833333332,45.767361111111114,41.16493055555556,40.40814600694444,0.34131807568675665
157,0.15715715715715717,22.04253472222222,45.85503472222222,41.091145833333336,40.44854444444444,0.1396733488772042
158,0.15815815815815815,22.33767361111111,45.96961805555556,41.37934027777778,40.61404861111111,0.42812654883922757
159,0.15915915915915915,22.3203125,45.954861111111114,41.04253472222222,40.57548611111111,0.33757541059952245
160,0.16016016016016016,22.414930555555557,46.095486111111114,41.278645833333336,40.71322413194445,0.29064828203902987
161,0.16116116116116116,22.44878472222222,46.076388888888886,41.12586805555556,40.695732638888884,0.15764472043178535
162,0.16216216216216217,22.557291666666668,46.240451388888886,41.35243055555556,40.852496527777774,0.3000347101672908
163,0.16316316316316315,22.88628472222222,46.37586805555556,41.626736111111114,41.039095312499995,0.4492411846920703
164,0.16416416416416416,22.708333333333332,46.41840277777778,41.631076388888886,41.03199704861112,0.18301567532098026
165,0.16516516516516516,23.000868055555557,46.572048611111114,41.75347222222222,41.212914409722224,0.35236961535253175
166,0.16616616616616617,22.92361111111111,46.692708333333336,41.63715277777778,41.27438715277778,0.18454705954715112
167,0.16716716716716717,23.171875,46.940104166666664,41.73524305555556,41.51118767361111,0.363952413745875
168,0.16816816816816818,23.13888888888889,46.96440972222222,41.79340277777778,41.52575729166667,0.07114349475577351
169,0.16916916916916916,23.36545138888889,47.16493055555556,41.807291666666664,41.718339756944445,0.302873029901167
170,0.17017017017017017,23.594618055555557,47.416666666666664,42.275173611111114,41.98088333333334,0.5786207261113058
171,0.17117117117117117,23.657118055555557,47.5625,42.322048611111114,42.10185520833333,0.16544146014863326
172,0.17217217217217218,23.877604166666668,47.83159722222222,42.549479166666664,42.357609374999996,0.41563457243223023
173,0.17317317317317318,23.942708333333332,47.94184027777778,42.46788194444444,42.44440503472222,0.15182289185089662
174,0.17417417417417416,23.96527777777778,48.223958333333336,42.53038194444444,42.65548663194445,0.28983827748070023
175,0.17517517517517517,24.06857638888889,48.2421875,42.666666666666664,42.70032517361111,0.17197799593562418
176,0.17617617617617617,24.203993055555557,48.58506944444444,42.74305555555556,42.97985920138889,0.37648501136538365
177,0.17717717717717718,24.71440972222222,48.79340277777778,43.39149305555556,43.28419097222223,0.8511164096615325
178,0.1781781781781782,24.606770833333332,48.96006944444444,43.318576388888886,43.37524236111111,0.21137821187811698
179,0.17917917917917917,24.961805555555557,49.106770833333336,43.60243055555556,43.57613784722222,0.47764436500326585
180,0.18018018018018017,24.80902777777778,49.26475694444444,43.43836805555556,43.64480364583333,0.27425747864548267
181,0.18118118118118118,25.114583333333332,49.489583333333336,43.59809027777778,43.88209253472222,0.41160939122338713
182,0.18218218218218218,25.03472222222222,49.50086805555556,43.75,43.88415277777777,0.17199333047873208
183,0.1831831831831832,25.303819444444443,49.728298611111114,43.731770833333336,44.10270503472223,0.3528034511245404
184,0.1841841841841842,25.54253472222222,49.927951388888886,44.46006944444444,44.348830729166664,0.7920006833742442
185,0.18518518518518517,25.655381944444443,50.04340277777778,44.28125,44.44248211805555,0.2409147410829503
186,0.18618618618618618,25.891493055555557,50.251736111111114,44.748263888888886,44.675397743055555,0.5632523475166563
187,0.1871871871871872,26.01736111111111,50.408854166666664,44.66059027777778,44.80819809027778,0.2195803107661397
188,0.1881881881881882,26.17621527777778,50.73524305555556,45.0234375,45.10160138888889,0.5132469773236562
189,0.1891891891891892,26.528645833333332,50.959201388888886,45.248263888888886,45.35293559027777,0.4742483913514678
190,0.19019019019019018,26.44878472222222,51.0078125,45.204861111111114,45.367590104166666,0.10307588617220267
191,0.19119119119119118,26.93923611111111,51.28125,45.662326388888886,45.7004515625,0.7242824805568502
192,0.1921921921921922,26.94878472222222,51.44878472222222,45.65190972222222,45.82155034722222,0.16812961092167114
193,0.1931931931931932,27.421006944444443,51.790798611111114,46.07899305555556,46.19738854166667,0.7227499574296149
194,0.1941941941941942,28.21527777777778,52.73524305555556,46.677951388888886,47.08496197916667,1.3717115405198874
195,0.19519519519519518,28.841145833333332,53.259548611111114,47.209201388888886,47.63136111111111,0.97408095200107
196,0.1961961961961962,29.235243055555557,53.654513888888886,47.515625,48.01974913194444,0.6365576334156408
197,0.1971971971971972,29.19704861111111,53.721354166666664,47.596354166666664,48.06526180555555,0.11155104961641807
198,0.1981981981981982,29.60590277777778,53.98524305555556,47.92534722222222,48.36467083333333,0.5873972300611331
199,0.1991991991991992,29.42013888888889,53.94618055555556,47.80034722222222,48.28821493055555,0.22728638613294375
200,0.2002002002002002,29.84548611111111,54.2421875,48.119791666666664,48.61341180555555,0.6087570317441221
201,0.2012012012012012,29.750868055555557,54.34722222222222,47.954861111111114,48.65650885416667,0.21722559118408544
202,0.2022022022022022,30.1171875,54.724826388888886,48.247395833333336,49.025571875,0.601956315497847
203,0.2032032032032032,30.466145833333332,55.087673611111114,48.631076388888886,49.38697048611111,0.6329619212785077
204,0.2042042042042042,30.546006944444443,55.24913194444444,48.734375,49.52688211805555,0.20764679994683916
205,0.20520520520520522,30.903645833333332,55.42621527777778,48.881076388888886,49.74015798611111,0.4251886396554506
206,0.2062062062062062,36.174479166666664,59.94965277777778,53.60243055555556,54.43678142361111,8.398473433385663
207,0.2072072072072072,49.958333333333336,71.50434027777777,65.69618055555556,66.50431006944444,21.67404503024505
208,0.2082082082082082,54.697048611111114,75.48524305555556,69.84288194444444,70.65829444444445,7.44970749886037
209,0.2092092092092092,57.84027777777778,78.27083333333333,72.65538194444444,73.52186163194443,5.054657163431963
210,0.21021021021021022,57.846354166666664,78.23263888888889,72.67361111111111,73.49715295138888,0.04275559151397499
211,0.21121121121121122,48.90711805555556,70.85069444444444,64.84809027777777,65.75210208333333,13.987202091340183
212,0.2122122122122122,47.46440972222222,69.53472222222223,63.51128472222222,64.40768159722222,2.3664824778759943
213,0.2132132132132132,46.236979166666664,68.70052083333333,62.5390625,63.47991458333333,1.7741741107676856
214,0.21421421421421422,45.69878472222222,68.14496527777777,61.989583333333336,62.92848871527777,0.9488006059969598
215,0.21521521521521522,45.20399305555556,67.92534722222223,61.611979166666664,62.63896215277778,0.6600271133921729
216,0.21621621621621623,43.42881944444444,66.45833333333333,59.963541666666664,61.09333472222221,2.8320870910310045
217,0.2172172172172172,43.654513888888886,66.7734375,60.314236111111114,61.391999999999996,0.5226999248784953
218,0.2182182182182182,44.169270833333336,67.26388888888889,60.6953125,61.879721875,0.806682397778343
219,0.21921921921921922,48.24652777777778,70.56684027777777,64.21267361111111,65.36277100694444,6.317067456845801
220,0.22022022022022023,54.7421875,76.22916666666667,69.98697916666667,71.21034895833333,10.372952328538267
221,0.22122122122122123,55.912326388888886,77.07291666666667,70.96180555555556,72.13295295138889,1.741098954759396
222,0.2222222222222222,55.97222222222222,77.38888888888889,71.125,72.38345277777778,0.36063608078542203
223,0.22322322322322322,53.845486111111114,75.56770833333333,69.14756944444444,70.4860298611111,3.4278180675587793
224,0.22422422422422422,44.669270833333336,68.11111111111111,61.364583333333336,62.6402765625,14.155516301580906
225,0.22522522522522523,43.71527777777778,67.14930555555556,60.259548611111114,61.66979079861111,1.7482203562659098
226,0.22622622622622623,43.515625,66.9765625,60.282986111111114,61.50549097222222,0.2650485074911823
227,0.22722722722722724,43.482638888888886,66.99045138888889,60.17534722222222,61.50063993055555,0.1134333071105573
228,0.22822822822822822,45.236111111111114,68.43489583333333,61.84027777777778,63.02670277777777,2.816572090682912
229,0.22922922922922923,47.68402777777778,70.73177083333333,63.8671875,65.33619774305555,3.921261760531729
230,0.23023023023023023,48.099826388888886,71.1484375,64.25,65.75023559027778,0.7021716359048482
231,0.23123123123123124,48.90190972222222,71.87586805555556,64.96961805555556,66.49297326388889,1.3001319289397295
232,0.23223223223223224,49.59288194444444,72.43229166666667,65.53472222222223,67.07862864583333,1.05185196965575
233,0.23323323323323322,51.38715277777778,73.86024305555556,67.30034722222223,68.60883958333334,2.8941120629660144
234,0.23423423423423423,58.03559027777778,79.43402777777777,72.99739583333333,74.41999513888888,10.379073185908602
235,0.23523523523523523,60.81944444444444,81.78211805555556,75.59027777777777,76.87840277777778,4.470616148998693
236,0.23623623623623624,58.896701388888886,80.29513888888889,73.67361111111111,75.26775677083333,3.0954254975526228
237,0.23723723723723725,55.920138888888886,77.93055555555556,71.27430555555556,72.77055972222222,4.495313760529266
238,0.23823823823823823,42.927951388888886,67.20225694444444,59.830729166666664,61.509315277777766,20.36783659824136
239,0.23923923923923923,37.171875,62.486111111111114,54.935763888888886,56.55916944444444,8.90702711271508
240,0.24024024024024024,37.71788194444444,62.82378472222222,55.442708333333336,56.953356076388886,0.8180096092195153
241,0.24124124124124124,37.90277777777778,63.14496527777778,55.626736111111114,57.23566006944445,0.4137748680681711
242,0.24224224224224225,38.40190972222222,63.431423611111114,56.109375,57.58149704861111,0.7510867937654749
243,0.24324324324324326,38.43055555555556,63.74652777777778,56.03211805555556,57.80737170138889,0.32569902530241923
244,0.24424424424424424,38.846354166666664,63.99565972222222,56.490451388888886,58.10704131944444,0.6671016827958349
245,0.24524524524524524,39.10069444444444,64.38194444444444,56.68315972222222,58.4512984375,0.5010402830696233
246,0.24624624624624625,39.314236111111114,64.44704861111111,56.931423611111114,58.56118454861111,0.33387655570042357
247,0.24724724724724725,39.955729166666664,64.90277777777777,57.423611111111114,59.05903940972222,0.9281438190458049
248,0.24824824824824826,40.21006944444444,65.15972222222223,57.728298611111114,59.31887725694445,0.4728042904703787
249,0.24924924924924924,40.872395833333336,65.58854166666667,58.306423611111114,59.80812013888889,0.9781568774880856
250,0.2502502502502503,41.38194444444444,66.21614583333333,58.705729166666664,60.39414253472222,0.901649435091119
251,0.25125125125125125,42.790798611111114,67.26822916666667,60.10590277777778,61.54720746527777,2.2477178525036847
252,0.25225225225225223,42.87847222222222,67.50260416666667,60.111979166666664,61.73391059027778,0.2503102579044467
253,0.25325325325325326,43.177083333333336,67.58940972222223,60.345486111111114,61.876337847222224,0.3888821071457346
254,0.25425425425425424,43.072916666666664,67.65364583333333,60.14930555555556,61.88596944444444,0.23122236655049197
255,0.2552552552552553,43.067708333333336,67.71701388888889,60.072916666666664,61.92466770833333,0.09938762270364883
256,0.25625625625625625,43.185763888888886,67.97309027777777,60.27690972222222,62.14764045138888,0.3480307426920703
257,0.25725725725725723,43.231770833333336,68.2265625,60.09722222222222,62.32573142361111,0.31408980249546387
258,0.25825825825825827,43.463541666666664,68.48263888888889,60.443576388888886,62.583158506944436,0.4891360188104704
259,0.25925925925925924,45.14756944444444,70.01302083333333,61.759548611111114,64.1307251736111,2.6286500987901045
260,0.2602602602602603,46.5234375,71.09635416666667,63.076388888888886,65.29311059027778,2.1910482273531087
261,0.26126126126126126,46.99131944444444,71.64409722222223,63.35590277777778,65.80450902777777,0.7726991542173728
262,0.26226226226226224,47.271701388888886,71.80208333333333,63.716145833333336,66.00311944444444,0.48306180261997506
263,0.26326326326326327,46.973958333333336,71.66579861111111,63.43402777777778,65.82197951388889,0.43222106602199517
264,0.26426426426426425,46.497395833333336,71.44444444444444,62.90972222222222,65.52449496527778,0.7422976485840218
265,0.2652652652652653,48.115451388888886,72.82986111111111,64.29600694444444,66.95943333333332,2.5415090895388732
266,0.26626626626626626,49.14149305555556,73.81423611111111,65.11892361111111,67.94100937500001,1.6428473704635214
267,0.2672672672672673,49.111111111111114,73.74913194444444,65.21961805555556,67.89525781249999,0.1236971552120821
268,0.2682682682682683,49.87413194444444,74.34982638888889,65.69965277777777,68.52175121527776,1.0832672533710521
269,0.26926926926926925,50.14149305555556,74.65885416666667,66.16927083333333,68.83351527777778,0.6225120474951698
270,0.2702702702702703,50.32378472222222,74.74739583333333,66.1015625,68.93070694444444,0.21366866142463853
271,0.27127127127127126,56.42274305555556,79.90190972222223,71.46267361111111,74.30092604166667,9.618098488171336
272,0.2722722722722723,81.046875,100.46701388888889,92.95225694444444,95.7957269097222,38.61442185561681
273,0.2732732732732733,87.20920138888889,105.7109375,98.37326388888889,101.24768836805555,9.739626155765931
274,0.27427427427427425,91.20138888888889,108.94704861111111,101.82291666666667,104.65995902777776,6.189513748740127
275,0.2752752752752753,91.24826388888889,108.89496527777777,101.70399305555556,104.62408836805555,0.1380317518392766
276,0.27627627627627627,76.75954861111111,96.83072916666667,89.05208333333333,92.00197795138888,22.705494554499566
277,0.2772772772772773,75.453125,95.80381944444444,87.75868055555556,90.89640277777778,2.1057485545112917
278,0.2782782782782783,76.31423611111111,96.79947916666667,88.45225694444444,91.84164704861111,1.4879176171276454
279,0.27927927927927926,76.82899305555556,97.25260416666667,88.81163194444444,92.30110624999999,0.7742398647084632
280,0.2802802802802803,76.60416666666667,97.2421875,88.74131944444444,92.24078159722222,0.23579495274816853
281,0.28128128128128127,76.42100694444444,96.9375,88.39496527777777,91.95892256944444,0.4963296941229069
282,0.2822822822822823,75.015625,95.90364583333333,87.16059027777777,90.83160399305555,2.137202491185494
283,0.2832832832832833,75.2890625,95.97569444444444,87.29513888888889,90.95098038194443,0.3131491617763338
284,0.28428428428428426,83.86545138888889,103.24131944444444,94.76041666666667,98.50968871527778,13.493484550458588
285,0.2852852852852853,94.40885416666667,112.15711805555556,103.78993055555556,107.77972621527778,16.498088618927362
286,0.2862862862862863,96.28125,113.80729166666667,105.4296875,109.47639218750001,2.9862588535398737
287,0.2872872872872873,97.54079861111111,114.95833333333333,106.5859375,110.65087847222222,2.0611340773114915
288,0.2882882882882883,91.93055555555556,110.28559027777777,101.56423611111111,105.75362812499999,8.861537092673066
289,0.28928928928928926,80.25,100.67274305555556,91.40538194444444,95.66176440972221,18.222089007131043
290,0.2902902902902903,80.7265625,100.87326388888889,91.515625,95.91445364583332,0.528652960178195
291,0.2912912912912913,81.5859375,101.72916666666667,92.27951388888889,96.76445121527777,1.433394987503663
292,0.2922922922922923,83.32378472222223,103.17881944444444,93.5546875,98.26277673611109,2.597628511234523
293,0.2932932932932933,85.17361111111111,104.78819444444444,95.16753472222223,99.92352239583332,2.9348290788195235
294,0.29429429429429427,90.04861111111111,108.85850694444444,99.36111111111111,104.17381111111112,7.610463308965007
295,0.2952952952952953,91.94357638888889,110.44704861111111,100.89322916666667,105.82342465277776,2.9089076587060743
296,0.2962962962962963,94.703125,112.6484375,103.10329861111111,108.14410503472222,4.164808342105995
297,0.2972972972972973,97.00347222222223,114.51475694444444,104.921875,110.09925173611111,3.4759122103012148
298,0.2982982982982983,100.60416666666667,117.6796875,107.96354166666667,113.34792604166667,5.677457354736663
299,0.2992992992992993,109.83854166666667,125.50868055555556,115.85416666666667,121.480153125,14.450909203063562
300,0.3003003003003003,114.15451388888889,129.06770833333334,119.5078125,125.20693871527777,6.6815733791841
301,0.3013013013013013,111.05729166666667,126.69270833333333,116.93402777777777,122.66404201388887,4.675230292741924
302,0.3023023023023023,106.35329861111111,122.75954861111111,112.70052083333333,118.54531805555555,7.451166158118161
303,0.3033033033033033,87.16232638888889,106.83506944444444,95.83159722222223,101.85819357638889,30.107192419108223
304,0.30430430430430433,78.06336805555556,99.14670138888889,87.76128472222223,93.84235763888888,14.388606254848987
305,0.3053053053053053,77.97569444444444,99.19444444444444,87.70572916666667,93.85385295138889,0.1142474559547411
306,0.3063063063063063,77.5859375,98.77170138888889,87.07291666666667,93.42295572916666,0.8550285532772385
307,0.3073073073073073,78.04427083333333,99.22569444444444,87.6015625,93.88326145833332,0.8340536889420254
308,0.3083083083083083,77.83072916666667,99.23958333333333,87.50954861111111,93.84115243055554,0.23293668750499083
309,0.30930930930930933,77.88107638888889,99.17013888888889,87.55989583333333,93.80582465277776,0.09945962213473052
310,0.3103103103103103,77.703125,99.13802083333333,87.42100694444444,93.73499357638887,0.22800962645674094
311,0.3113113113113113,78.21006944444444,99.40277777777777,87.69878472222223,94.05217968749999,0.6358061050444604
312,0.3123123123123123,78.54513888888889,99.984375,88.11024305555556,94.56908107638888,0.7872895411259827
313,0.3133133133133133,79.04340277777777,100.45138888888889,88.22309027777777,95.01716788194445,0.6921729342794806
314,0.31431431431431434,79.80902777777777,101.46180555555556,89.20659722222223,95.97359895833334,1.604496615974387
315,0.3153153153153153,80.11545138888889,101.94444444444444,89.41579861111111,96.39903229166666,0.6087700285225222
316,0.3163163163163163,80.390625,102.33680555555556,89.90017361111111,96.77312274305555,0.6813860127631612
317,0.3173173173173173,80.50954861111111,102.37673611111111,89.85416666666667,96.82364253472223,0.13361853720123204
318,0.3183183183183183,80.67013888888889,102.43229166666667,90.02951388888889,96.91017743055556,0.24417679130268505
319,0.31931931931931934,80.63368055555556,102.73524305555556,90.07638888888889,97.12248159722222,0.3087167305543206
320,0.3203203203203203,80.20486111111111,102.3046875,89.57725694444444,96.68734392361111,0.7863821592065053
321,0.3213213213213213,80.14756944444444,102.390625,89.64322916666667,96.74138940972222,0.122555795785569
322,0.32232232232232233,80.77777777777777,102.80295138888889,89.9375,97.19151388888889,0.808561016700417
323,0.3233233233233233,80.80381944444444,102.83767361111111,90.15711805555556,97.23774010416668,0.2238657889111948
324,0.32432432432432434,83.19618055555556,104.66059027777777,91.88541666666667,99.17488923611111,3.4689238891530167
325,0.3253253253253253,84.01649305555556,105.21614583333333,92.76996527777777,99.81048541666667,1.3281493961085364
326,0.3263263263263263,83.859375,105.16319444444444,92.49305555555556,99.71921840277777,0.32275211421151845
327,0.32732732732732733,83.125,104.47569444444444,91.77777777777777,99.01974722222221,1.2343359307772448
328,0.3283283283283283,82.3046875,103.86284722222223,91.03819444444444,98.35364253472223,1.2631222515600664
329,0.32932932932932935,80.94791666666667,102.66753472222223,89.86024305555556,97.12525746527778,2.1580473909127944
330,0.3303303303303303,80.24045138888889,102.11545138888889,89.27170138888889,96.53750763888887,1.0731656067953528
331,0.33133133133133136,80.50954861111111,102.39149305555556,89.46875,96.80636961805556,0.4329439592887887
332,0.33233233233233234,80.30381944444444,102.1796875,89.38194444444444,96.60488090277778,0.30776823724496033
333,0.3333333333333333,80.96614583333333,103.04427083333333,89.94010416666667,97.404340625,1.2238148802852318
334,0.33433433433433435,80.86371527777777,103.30555555555556,90.10416666666667,97.58128003472221,0.3250818799693659
335,0.3353353353353353,81.26475694444444,104.01649305555556,90.4453125,98.19963472222221,0.8846734012672263
336,0.33633633633633636,84.70052083333333,107.08940972222223,93.70138888888889,101.36291684027778,5.643520513894706
337,0.33733733733733734,96.30902777777777,117.11545138888889,104.03038194444444,111.74726371527777,18.49235091930352
338,0.3383383383383383,98.74131944444444,119.46961805555556,106.3046875,114.11227378472222,4.078064394564102
339,0.33933933933933935,100.60677083333333,121.45486111111111,108.25,116.06916614583334,3.347437765903242
340,0.34034034034034033,101.11284722222223,122.96961805555556,109.3359375,117.33851684027778,1.9312851073934536
341,0.34134134134134136,95.38888888888889,118.82725694444444,104.78993055555556,112.83076493055555,8.401728019611145
342,0.34234234234234234,94.72309027777777,119.56770833333333,104.94618055555556,113.23006822916666,1.0079534276765811
343,0.3433433433433433,96.59201388888889,122.07465277777777,107.71180555555556,115.62004618055555,4.1744853038817205
344,0.34434434434434436,94.42881944444444,121.23784722222223,106.25694444444444,114.4566267361111,2.7379325402404255
345,0.34534534534534533,91.92100694444444,119.48003472222223,104.50173611111111,112.53955225694443,3.5298420097385748
346,0.34634634634634637,101.31944444444444,126.28038194444444,113.12239583333333,120.02368003472222,14.45306624320722
347,0.34734734734734735,91.32291666666667,117.52083333333333,102.63628472222223,110.87649184027777,16.92981942363441
348,0.3483483483483483,91.39583333333333,116.36545138888889,101.55121527777777,109.98732274305556,1.5866946704054314
349,0.34934934934934936,95.04947916666667,118.19791666666667,103.82638888888889,112.23893454861111,4.67797732256065
350,0.35035035035035034,96.52256944444444,118.26215277777777,104.54947916666667,112.65026232638887,1.6422487004929627
351,0.35135135135135137,95.86371527777777,117.01736111111111,103.44357638888889,111.54006875,1.790702672202566
352,0.35235235235235235,95.51475694444444,115.77690972222223,102.77604166666667,110.53051336805555,1.4512388404295928
353,0.3533533533533533,92.11284722222223,112.60763888888889,99.57725694444444,107.30965260416666,5.6435353345478205
354,0.35435435435435436,92.51128472222223,112.671875,99.71354166666667,107.45014184027778,0.4259721175008047
355,0.35535535535535534,92.57986111111111,112.43315972222223,99.60329861111111,107.28603246527778,0.2717374399227753
356,0.3563563563563564,92.58767361111111,111.96267361111111,99.22569444444444,106.92393871527777,0.6033267129746047
357,0.35735735735735735,92.4765625,111.44184027777777,98.85503472222223,106.5010548611111,0.648846414647809
358,0.35835835835835833,93.14670138888889,111.52690972222223,98.765625,106.6979126736111,0.6814081296896707
359,0.35935935935935936,93.93923611111111,111.86979166666667,99.44184027777777,107.16045746527777,1.096789139102834
360,0.36036036036036034,95.71354166666667,113.20833333333333,100.87934027777777,108.59878732638889,2.6469341223154887
361,0.3613613613613614,97.28298611111111,114.46614583333333,102.06076388888889,109.9173375,2.332597243041456
362,0.36236236236236236,98.99826388888889,115.53385416666667,103.19184027777777,111.12729427083333,2.3154940590529782
363,0.3633633633633634,100.71961805555556,116.90885416666667,104.61631944444444,112.5795015625,2.623514067690144
364,0.36436436436436437,103.26302083333333,118.94704861111111,106.92274305555556,114.74446944444443,3.992834100894089
365,0.36536536536536535,104.88107638888889,120.2109375,108.12586805555556,116.0792670138889,2.379711888012073
366,0.3663663663663664,103.77777777777777,119.18142361111111,107.22569444444444,115.0434048611111,1.7571224211294028
367,0.36736736736736736,102.13541666666667,117.81857638888889,105.66493055555556,113.60684340277777,2.6439906367588537
368,0.3683683683683684,89.66232638888889,107.62847222222223,94.87239583333333,102.88788090277778,19.38801201091758
369,0.36936936936936937,86.53819444444444,104.81597222222223,91.828125,99.99239409722222,5.190177411513234
370,0.37037037037037035,86.52951388888889,105.05729166666667,92.06336805555556,100.18012482638888,0.33711974356130875
371,0.3713713713713714,86.63107638888889,105.1484375,92.18923611111111,100.2759921875,0.18564824736477784
372,0.37237237237237236,87.08072916666667,105.66319444444444,92.45572916666667,100.75898333333333,0.7336081250070744
373,0.3733733733733734,87.40364583333333,105.70572916666667,92.61024305555556,100.86921215277778,0.36049815265156915
374,0.3743743743743744,87.61545138888889,106.06944444444444,92.83680555555556,101.19072899305556,0.47799682327334525
375,0.37537537537537535,87.82204861111111,106.33333333333333,93.04774305555556,101.43861458333332,0.3959979631452687
376,0.3763763763763764,88.01041666666667,106.27604166666667,92.73784722222223,101.41531215277777,0.3671515857797471
377,0.37737737737737737,88.09548611111111,106.47309027777777,92.94878472222223,101.58955677083334,0.30093121211524354
378,0.3783783783783784,88.45052083333333,106.75086805555556,93.03385416666667,101.86984583333333,0.45874498164956085
379,0.3793793793793794,88.95486111111111,107.27170138888889,93.34722222222223,102.37219375000001,0.7898265728264345
380,0.38038038038038036,89.76996527777777,107.6640625,93.71614583333333,102.8527378472222,0.9769578674973389
381,0.3813813813813814,90.46440972222223,108.51388888888889,94.56163194444444,103.66921666666666,1.3853897436293838
382,0.38238238238238237,91.85243055555556,109.72048611111111,95.47569444444444,104.89326354166666,2.053774316800168
383,0.3833833833833834,93.02430555555556,110.71614583333333,96.171875,105.9047642361111,1.6879859786189757
384,0.3843843843843844,94.55208333333333,111.97309027777777,97.28125,107.20863333333332,2.268199101780162
385,0.38538538538538536,95.6484375,112.98611111111111,98.19444444444444,108.23216336805555,1.7498936427391656
386,0.3863863863863864,97.05902777777777,114.11284722222223,99.16753472222223,109.40815364583334,2.050903187512423
387,0.38738738738738737,98.28559027777777,114.92447916666667,99.82899305555556,110.29715729166665,1.6126776201042234
388,0.3883883883883884,99.46701388888889,116.1015625,100.91840277777777,111.46883333333332,1.992009152934345
389,0.3893893893893894,100.69270833333333,117.1796875,101.83680555555556,112.56679965277777,1.8730040173467126
390,0.39039039039039036,101.91579861111111,118.06684027777777,102.56684027777777,113.51402881944443,1.678076450690916
391,0.3913913913913914,103.09722222222223,118.99479166666667,103.47482638888889,114.49442690972222,1.7553615886769167
392,0.3923923923923924,104.09461805555556,119.98263888888889,104.34982638888889,115.47615659722223,1.6541661291426657
393,0.3933933933933934,105.52170138888889,121.06944444444444,105.42881944444444,116.63474114583333,2.0933081879649986
394,0.3943943943943944,106.85763888888889,122.14670138888889,106.41927083333333,117.76072621527777,1.981465488473607
395,0.3953953953953954,108.17447916666667,123.37934027777777,107.61545138888889,119.00863402777776,2.1643278099835763
396,0.3963963963963964,109.03211805555556,124.12326388888889,108.203125,119.76545225694443,1.278408024106365
397,0.3973973973973974,110.15104166666667,124.83159722222223,108.66666666666667,120.543403125,1.403067010284675
398,0.3983983983983984,110.78385416666667,125.54774305555556,109.35677083333333,121.23995208333332,1.178796112823426
399,0.3993993993993994,111.609375,126.30902777777777,110.14670138888889,122.01696163194444,1.3729637129788312
400,0.4004004004004004,112.53993055555556,126.99045138888889,110.92361111111111,122.75824479166667,1.3906331278372606
401,0.4014014014014014,113.421875,127.63368055555556,111.62239583333333,123.4562359375,1.296097933008264
402,0.4024024024024024,114.10677083333333,128.44444444444446,112.47916666666667,124.24356197916667,1.3639929057346
403,0.4034034034034034,114.66666666666667,128.87326388888889,112.88715277777777,124.69874409722222,0.8147528011472104
404,0.4044044044044044,115.36545138888889,129.52517361111111,113.48697916666667,125.35685902777779,1.1283076135285706
405,0.40540540540540543,116.00520833333333,130.12934027777777,114.10069444444444,125.9692815972222,1.072824660069779
406,0.4064064064064064,116.66319444444444,130.80642361111111,114.78125,126.64255555555555,1.1638485412159312
407,0.4074074074074074,117.453125,131.33680555555554,115.30208333333333,127.22742812499999,1.08469472696426
408,0.4084084084084084,118.13194444444444,131.75520833333334,115.80902777777777,127.70758819444444,0.9449070813371682
409,0.4094094094094094,118.6796875,132.44010416666666,116.50260416666667,128.36395208333332,1.1181023945287123
410,0.41041041041041043,119.41579861111111,132.90798611111111,116.91579861111111,128.8849111111111,0.9651438912193958
411,0.4114114114114114,121.30729166666667,134.57291666666666,118.5546875,130.59612864583332,3.005943533095862
412,0.4124124124124124,122.27864583333333,135.21614583333334,119.18315972222223,131.3080517361111,1.3237258069767852
413,0.4134134134134134,122.46354166666667,135.61197916666666,119.63107638888889,131.66280017361112,0.6256994783756523
414,0.4144144144144144,125.48524305555556,137.88020833333334,121.94704861111111,134.09466458333333,4.431621618576595
415,0.41541541541541543,143.62760416666666,152.87152777777777,137.85677083333334,149.82220416666667,28.407819109526972
416,0.4164164164164164,142.50954861111111,152.01215277777777,136.84722222222223,148.89699114583334,1.7342900605521538
417,0.4174174174174174,138.08333333333334,148.2890625,132.96701388888889,145.01307256944446,6.964825885245533
418,0.4184184184184184,138.85590277777777,148.8203125,133.33940972222223,145.58415781249997,1.0088452634934695
419,0.4194194194194194,142.65364583333334,151.93576388888889,136.64756944444446,148.8585779513889,5.922230189741336
420,0.42042042042042044,137.15364583333334,147.54253472222223,131.97743055555554,144.21005642361112,8.447523882911678
421,0.4214214214214214,139.76909722222223,149.49913194444446,134.00173611111111,146.31161458333335,3.842742723615737
422,0.42242242242242245,144.046875,153.03298611111111,137.82465277777777,150.02449722222224,6.738115450746917
423,0.42342342342342343,145.09461805555554,153.92013888888889,138.59635416666666,150.93745590277777,1.5749059004260277
424,0.4244244244244244,130.70486111111111,142.07291666666666,126.1796875,138.50857690972222,22.39632537748132
425,0.42542542542542544,129.59722222222223,141.13368055555554,124.83159722222223,137.5040190972222,1.9815084601467348
426,0.4264264264264264,130.2890625,141.71440972222223,125.60763888888889,138.12247204861112,1.1908526371368415
427,0.42742742742742745,130.99305555555554,142.4296875,126.18402777777777,138.82532291666664,1.1573472568281746
428,0.42842842842842843,129.98958333333334,141.59635416666666,125.30208333333333,137.95230833333332,1.5745561115128408
429,0.4294294294294294,130.75086805555554,142.19618055555554,125.921875,138.58790225694443,1.150429413378267
430,0.43043043043043044,131.12239583333334,142.58246527777777,126.20746527777777,138.96377951388888,0.6072977713148626
431,0.4314314314314314,131.54600694444446,142.87152777777777,126.70052083333333,139.29617534722223,0.7114121753436906
432,0.43243243243243246,132.09548611111111,143.32899305555554,126.91232638888889,139.7554661458333,0.7456966060920325
433,0.43343343343343343,132.62326388888889,143.72395833333334,127.36631944444444,140.18292916666667,0.8004102996956052
434,0.4344344344344344,133.02170138888889,144.23263888888889,127.75260416666667,140.65933506944444,0.7528108896853511
435,0.43543543543543545,133.43142361111111,144.46614583333334,128.01041666666666,140.93206024305556,0.5374616987681546
436,0.4364364364364364,134.19097222222223,145.02256944444446,128.65451388888889,141.5379982638889,1.1407815563538648
437,0.43743743743743746,134.48697916666666,145.45486111111111,128.99913194444446,141.93498576388887,0.6271027032661126
438,0.43843843843843844,135.05729166666666,145.73784722222223,129.48177083333334,142.29347239583333,0.7989228897746892
439,0.4394394394394394,135.54861111111111,146.31944444444446,129.80729166666666,142.83738784722223,0.8280180784981919
440,0.44044044044044045,136.09982638888889,146.45225694444446,130.29774305555554,143.08497430555556,0.7496799366895934
441,0.44144144144144143,139.67361111111111,149.74045138888889,133.46440972222223,146.4251109375,5.7975803334703455
442,0.44244244244244246,140.78211805555554,150.39670138888889,134.34982638888889,147.19405659722221,1.563142470151911
443,0.44344344344344344,140.22395833333334,150.05729166666666,133.88715277777777,146.7992409722222,0.8005049065862948
444,0.4444444444444444,143.90104166666666,153.07465277777777,137.00173611111111,149.96387847222223,5.6855992872696515
445,0.44544544544544545,168.88454861111111,173.74826388888889,158.77430555555554,171.63311822916666,39.05916788450205
446,0.44644644644644643,166.53125,171.78385416666666,156.52777777777777,169.56566180555555,3.800500883587037
447,0.44744744744744747,160.09114583333334,166.39930555555554,150.99479166666666,163.9459848958333,10.05396641772213
448,0.44844844844844844,159.68923611111111,166.23524305555554,150.59722222222223,163.714496875,0.5886504836308644
449,0.4494494494494494,162.89496527777777,168.67100694444446,153.41493055555554,166.34153177083334,4.914175970004386
450,0.45045045045045046,158.70052083333334,165.18663194444446,149.61284722222223,162.6832574652778,6.64756128303957
451,0.45145145145145144,161.12586805555554,167.15972222222223,151.79947916666666,164.76791527777777,3.8153313949206207
452,0.45245245245245247,166.24479166666666,171.47309027777777,156.20138888888889,169.25893715277775,8.011574883983325
453,0.45345345345345345,167.62326388888889,172.54861111111111,157.17881944444446,170.3917833333333,2.0030729445794053
454,0.4544544544544545,145.92274305555554,154.71006944444446,138.44097222222223,151.66725503472222,33.7673376468249
455,0.45545545545545546,144.04253472222223,153.21354166666666,136.72048611111111,150.07298697916664,2.955478171958447
456,0.45645645645645644,144.78559027777777,153.53993055555554,137.32899305555554,150.50832812499996,1.0143677670693074
457,0.4574574574574575,145.29774305555554,153.82118055555554,137.52864583333334,150.8327767361111,0.6174651908892346
458,0.45845845845845845,144.16579861111111,152.92534722222223,136.7109375,149.89238680555556,1.6590547021790683
459,0.4594594594594595,144.27517361111111,153.02604166666666,136.5703125,149.9775034722222,0.2046403000192585
460,0.46046046046046046,144.71614583333334,153.39670138888889,136.99479166666666,150.36699739583332,0.7155611038782711
461,0.46146146146146144,145.078125,153.56770833333334,137.16840277777777,150.57879305555556,0.43636350678093244
462,0.4624624624624625,145.38541666666666,154.04947916666666,137.55208333333334,151.01638749999998,0.688289236415099
463,0.46346346346346345,145.96180555555554,154.22569444444446,137.91319444444446,151.29102916666665,0.7026216691255508
464,0.4644644644644645,146.32291666666666,154.52951388888889,138.10763888888889,151.59913194444445,0.5104078088800438
465,0.46546546546546547,146.51996527777777,154.71961805555554,138.45399305555554,151.80199374999998,0.44150759686804697
466,0.46646646646646645,146.73177083333334,154.87760416666666,138.40885416666666,151.95675625,0.2680647756762174
467,0.4674674674674675,146.90364583333334,155.15885416666666,138.84809027777777,152.2261597222222,0.5491547499831128
468,0.46846846846846846,147.28125,155.34027777777777,139.03732638888889,152.44985538194445,0.4596843907520413
469,0.4694694694694695,147.43315972222223,155.67274305555554,139.35677083333334,152.74299444444443,0.4854425586203925
470,0.47047047047047047,148.05815972222223,155.82725694444446,139.78732638888889,153.01746388888887,0.774517674607441
471,0.47147147147147145,149.44791666666666,157.15451388888889,141.09288194444446,154.35644149305554,2.3232543274143476
472,0.4724724724724725,149.98958333333334,157.47482638888889,141.60243055555554,154.7374767361111,0.8097176437001264
473,0.47347347347347346,149.45746527777777,157.24479166666666,141.07465277777777,154.4217220486111,0.7839738396095514
474,0.4744744744744745,152.52690972222223,159.79600694444446,143.79600694444446,157.095396875,4.830730492537534
475,0.4754754754754755,172.1484375,175.98524305555554,160.7265625,174.0678614583333,30.55715022077747
476,0.47647647647647645,171.42100694444446,175.44791666666666,160.22048611111111,173.4923751736111,1.0363340063623458
477,0.4774774774774775,166.61979166666666,171.30902777777777,155.97743055555554,169.2051548611111,7.627947943298108
478,0.47847847847847846,167.03472222222223,171.78559027777777,156.54079861111111,169.6748817708333,0.8465593590294602
479,0.4794794794794795,171.9140625,175.64322916666666,160.73263888888889,173.77386371527777,7.500724248885061
480,0.4804804804804805,163.52170138888889,168.9609375,153.53993055555554,166.6911592013889,12.915873958276913
481,0.48148148148148145,166.95572916666666,171.77083333333334,156.42361111111111,169.63907274305555,5.29184985796297
482,0.4824824824824825,171.21354166666666,175.4140625,160.19878472222223,173.42248871527778,6.7567759945137
483,0.48348348348348347,172.04947916666666,176.07986111111111,160.95833333333334,174.13122760416667,1.3111038811263436
484,0.4844844844844845,154.55295138888889,161.58767361111111,145.71267361111111,158.94591666666668,27.360228858317225
485,0.4854854854854855,152.08940972222223,159.62152777777777,143.73263888888889,156.87302170138886,3.7222714144111597
486,0.4864864864864865,152.21701388888889,159.64409722222223,143.78993055555554,156.9204284722222,0.14168464363743455
487,0.4874874874874875,152.25173611111111,159.82986111111111,143.87586805555554,157.0668734375,0.2076032491013137
488,0.48848848848848847,151.41145833333334,159.16145833333334,143.11371527777777,156.35516128472221,1.3167026520223022
489,0.4894894894894895,151.53559027777777,159.36631944444446,143.34114583333334,156.54448888888888,0.33030511966597015
490,0.4904904904904905,151.90625,159.734375,143.65972222222223,156.90952569444445,0.611836936781886
491,0.4914914914914915,152.05642361111111,159.83506944444446,143.73524305555554,157.018921875,0.19594611729628197
492,0.4924924924924925,152.20486111111111,159.98090277777777,144.08333333333334,157.17991180555555,0.4055464141140709
493,0.4934934934934935,152.56076388888889,160.26388888888889,144.33854166666666,157.47639444444442,0.5214203867461397
494,0.4944944944944945,152.48263888888889,160.26128472222223,144.20486111111111,157.44827083333334,0.15485731575442707
495,0.4954954954954955,152.65364583333334,160.51649305555554,144.51996527777777,157.68990243055555,0.4400742031767895
496,0.4964964964964965,152.86545138888889,160.79166666666666,144.73784722222223,157.9474675347222,0.4099446930148266
497,0.4974974974974975,153.14583333333334,160.86024305555554,144.90017361111111,158.06784253472222,0.33115949693946584
498,0.4984984984984985,153.26128472222223,161.09461805555554,145.25954861111111,158.285959375,0.44430963803002604
499,0.4994994994994995,153.55729166666666,161.28559027777777,145.52256944444446,158.5044638888889,0.4396253627660595
500,0.5005005005005005,153.77690972222223,161.38715277777777,145.62760416666666,158.63137569444442,0.26377893131286045
501,0.5015015015015015,156.3515625,163.62326388888889,147.94444444444446,160.9452894097222,4.1227149671165595
502,0.5025025025025025,156.72829861111111,164.18923611111111,148.29774305555554,161.45567499999999,0.7662079106582728
503,0.5035035035035035,156.12847222222223,163.58246527777777,147.60763888888889,160.84436388888886,1.0973633408503318
504,0.5045045045045045,159.29861111111111,166.28559027777777,150.61545138888889,163.66877447916667,5.138443477905241
505,0.5055055055055055,181.99131944444446,184.99131944444446,170.34114583333334,183.2957769097222,35.41138710180679
506,0.5065065065065065,180.51996527777777,183.66232638888889,168.94618055555554,181.93175468749996,2.4242594233472716
507,0.5075075075075075,174.09201388888889,178.38368055555554,163.53125,176.3989267361111,9.924924876953733
508,0.5085085085085085,173.34809027777777,177.95399305555554,162.96614583333334,175.89265555555554,1.0282978197044217
509,0.5095095095095095,176.31857638888889,180.45920138888889,165.46354166666666,178.49621788194443,4.6191820139563085
510,0.5105105105105106,171.37934027777777,176.30381944444446,161.30729166666666,174.17412586805554,7.6770871121812085
511,0.5115115115115115,173.52604166666666,178.22569444444446,163.23697916666666,176.1443630208333,3.4677981798741864
512,0.5125125125125125,178.37934027777777,182.09461805555554,167.29947916666666,180.2365409722222,7.418017495748168
513,0.5135135135135135,179.27430555555554,182.69878472222223,168.13541666666666,180.91926527777775,1.3655664441707798
514,0.5145145145145145,158.72569444444446,165.86111111111111,150.26996527777777,163.2184407986111,32.01448148195965
515,0.5155155155155156,156.02256944444446,163.7734375,147.8828125,160.97829982638888,4.16698503196338
516,0.5165165165165165,156.28993055555554,163.88975694444446,148.12326388888889,161.13569305555555,0.3779273042650077
517,0.5175175175175175,156.18055555555554,163.88888888888889,148.11631944444446,161.11131770833333,0.10959867450881564
518,0.5185185185185185,154.78993055555554,162.87586805555554,146.87065972222223,160.00122170138886,2.1240803287444523
519,0.5195195195195195,154.60243055555554,162.44010416666666,146.74652777777777,159.64073854166665,0.49036227066438026
520,0.5205205205205206,154.47482638888889,162.29947916666666,146.671875,159.50764496527776,0.20403737698183966
521,0.5215215215215215,154.1484375,162.21440972222223,146.3828125,159.3565427083333,0.44421126288563995
522,0.5225225225225225,153.71875,161.76215277777777,146.13541666666666,158.92387499999998,0.6710978988234025
523,0.5235235235235235,152.99739583333334,161.17274305555554,145.5625,158.3076046875,1.093612893743424
524,0.5245245245245245,43.822916666666664,82.38888888888889,80.19618055555556,74.03144965277778,149.66201353844164
525,0.5255255255255256,23.27690972222222,65.66232638888889,56.768229166666664,56.00903298611111,35.36644173093622
526,0.5265265265265265,27.077256944444443,63.30555555555556,55.807291666666664,55.06204461805555,4.573883322649264
527,0.5275275275275275,27.0546875,63.888020833333336,56.013888888888886,55.488741840277775,0.6184315579506058
528,0.5285285285285285,27.135416666666668,63.712673611111114,56.34027777777778,55.40406180555556,0.37920120448367484
529,0.5295295295295295,27.01388888888889,63.385416666666664,55.888020833333336,55.11151788194444,0.5713164204334993
530,0.5305305305305306,27.06076388888889,63.854166666666664,55.92534722222222,55.45942847222222,0.4725643738502558
531,0.5315315315315315,30.427083333333332,66.61892361111111,59.295138888888886,58.39576111111111,5.507402603826476
532,0.5325325325325325,31.64409722222222,67.33767361111111,59.96440972222222,59.216869618055554,1.5638567122978868
533,0.5335335335335335,30.486979166666668,66.58333333333333,58.86371527777778,58.351892013888886,1.7662048887944435
534,0.5345345345345346,33.18402777777778,69.02864583333333,61.89930555555556,60.89334166666666,4.740087843900321
535,0.5355355355355356,53.90972222222222,85.87152777777777,79.62065972222223,78.62513524305554,32.051263249666185
536,0.5365365365365365,51.775173611111114,84.33680555555556,77.56163194444444,76.92503506944445,3.3393510540581945
537,0.5375375375375375,46.544270833333336,80.36284722222223,73.41753472222223,72.67156631944445,7.7671249824412225
538,0.5385385385385385,46.73524305555556,79.86979166666667,73.38802083333333,72.35740277777778,0.529570807505511
539,0.5395395395395396,50.8828125,83.44357638888889,76.78559027777777,76.04045138888888,6.443426702236987
540,0.5405405405405406,44.21961805555556,78.05989583333333,71.03298611111111,70.35810989583332,10.318654526007393
541,0.5415415415415415,46.205729166666664,79.48784722222223,72.58767361111111,71.9138763888889,2.898402273212776
542,0.5425425425425425,52.545138888888886,84.71440972222223,77.77604166666667,77.37427256944444,9.717213297675482
543,0.5435435435435435,65.11892361111111,95.18576388888889,93.41840277777777,88.6659501736111,22.63697818735878
544,0.5445445445445446,53.14149305555556,81.94791666666667,75.76041666666667,75.37693350694445,25.109837022415036
545,0.5455455455455456,36.3125,67.64496527777777,60.97743055555556,60.50228715277776,26.5767963467789
546,0.5465465465465466,36.712673611111114,67.94791666666667,61.317708333333336,60.82860295138889,0.6063888431599035
547,0.5475475475475475,37.146701388888886,68.25520833333333,61.66840277777778,61.16597239583333,0.6370203086634515
548,0.5485485485485485,34.74131944444444,66.21440972222223,59.49131944444444,59.03782361111111,3.832807471038705
549,0.5495495495495496,34.26215277777778,65.76649305555556,59.07378472222222,58.58545677083333,0.7775379598343812
550,0.5505505505505506,34.166666666666664,65.62413194444444,58.888020833333336,58.44992760416666,0.25276966943649976
551,0.5515515515515516,34.25694444444444,65.71701388888889,58.9921875,58.54307065972221,0.166216206215635
552,0.5525525525525525,34.34027777777778,65.84027777777777,59.08680555555556,58.65577708333333,0.17632642225591405
553,0.5535535535535535,34.31684027777778,65.8671875,59.032986111111114,58.66615434027777,0.06457539900485303
554,0.5545545545545546,34.283854166666664,65.82465277777777,59.036458333333336,58.62897135416666,0.05393832077398597
555,0.5555555555555556,34.4375,65.96180555555556,59.14496527777778,58.76756232638889,0.23279107273589175
556,0.5565565565565566,34.052083333333336,65.55295138888889,58.732638888888886,58.36344027777777,0.6969367170118786
557,0.5575575575575575,34.193576388888886,65.72569444444444,58.931423611111114,58.531419791666664,0.298957879645419
558,0.5585585585585585,34.13975694444444,65.72743055555556,58.869791666666664,58.516769618055555,0.08184157414237811
559,0.5595595595595596,34.041666666666664,66.18229166666667,58.782986111111114,58.81496493055556,0.47334505117415865
560,0.5605605605605606,34.08159722222222,66.16840277777777,58.841145833333336,58.817719965277774,0.07190204302041493
561,0.5615615615615616,34.232638888888886,66.39930555555556,59.05381944444444,59.030328125,0.34836725264866625
562,0.5625625625625625,34.97222222222222,66.9765625,59.42100694444444,59.62692864583333,1.0074898247674924
563,0.5635635635635635,34.986979166666664,66.95225694444444,59.64149305555556,59.62860173611111,0.22231206137567813
564,0.5645645645645646,34.69878472222222,66.86197916666667,59.4609375,59.489728819444444,0.3518613698761341
565,0.5655655655655656,35.712673611111114,67.54253472222223,60.01128472222222,60.231750000000005,1.3394060654699165
566,0.5665665665665666,39.295138888888886,74.34114583333333,65.00347222222223,66.21618472222222,9.163902364263981
567,0.5675675675675675,38.806423611111114,76.26822916666667,65.66666666666667,67.53841649305556,2.095786169313684
568,0.5685685685685685,37.721354166666664,74.30815972222223,64.06770833333333,65.79044427083333,2.752438133373369
569,0.5695695695695696,37.13975694444444,72.77864583333333,63.256076388888886,64.51428854166666,1.8265854697887305
570,0.5705705705705706,37.85069444444444,73.74392361111111,64.07638888888889,65.41502708333333,1.452620361565306
571,0.5715715715715716,37.13975694444444,73.046875,63.33940972222222,64.71214270833333,1.2387280521804915
572,0.5725725725725725,37.623263888888886,74.14322916666667,64.10590277777777,65.65438958333333,1.4224215367844573
573,0.5735735735735735,38.559895833333336,75.9140625,65.46354166666667,67.2180390625,2.419982116963203
574,0.5745745745745746,38.846354166666664,75.28211805555556,65.23784722222223,66.81067829861111,0.7296232862603753
575,0.5755755755755756,34.795138888888886,67.12673611111111,59.447048611111114,59.698565104166676,10.791475730460451
576,0.5765765765765766,34.140625,66.31336805555556,58.75434027777778,58.927681076388886,1.2529169404298628
577,0.5775775775775776,34.29253472222222,66.69270833333333,58.83246527777778,59.23692187499999,0.41602779435411436
578,0.5785785785785785,34.01649305555556,66.13368055555556,58.51649305555556,58.75560555555556,0.6989631630345852
579,0.5795795795795796,34.087673611111114,66.15711805555556,58.59722222222222,58.793329687500005,0.11015074328456353
580,0.5805805805805806,34.0078125,66.32378472222223,58.486111111111114,58.887528993055554,0.21564149382256168
581,0.5815815815815816,34.08159722222222,66.27864583333333,58.677083333333336,58.88472048611111,0.20964754752686318
582,0.5825825825825826,34.16059027777778,66.29079861111111,58.763888888888886,58.9164734375,0.11799490374176022
583,0.5835835835835835,34.123263888888886,66.46701388888889,58.739583333333336,59.032812152777765,0.18175765034970592
584,0.5845845845845846,34.12152777777778,66.33680555555556,58.697916666666664,58.93630972222222,0.13672357244581063
585,0.5855855855855856,34.494791666666664,66.4921875,58.9453125,59.14465677083333,0.4739980778004126
586,0.5865865865865866,34.107638888888886,66.35590277777777,58.56944444444444,58.937739583333325,0.5565407388856232
587,0.5875875875875876,34.231770833333336,66.44878472222223,58.692708333333336,59.039458854166675,0.19806509419722734
588,0.5885885885885885,34.184895833333336,66.25520833333333,58.546875,58.88051822916667,0.24685308398190697
589,0.5895895895895896,34.23090277777778,66.4453125,58.49565972222222,59.022564062499995,0.20218614640721222
590,0.5905905905905906,34.2421875,66.56336805555556,58.65277777777778,59.12074045138888,0.1968515748850465
591,0.5915915915915916,34.439236111111114,66.51475694444444,58.74652777777778,59.134635069444435,0.2235626484104092
592,0.5925925925925926,34.502604166666664,66.69444444444444,58.716145833333336,59.274426041666665,0.19294084759160382
593,0.5935935935935935,34.48784722222222,66.80729166666667,58.8828125,59.364030381944445,0.20181684952051548
594,0.5945945945945946,34.42100694444444,66.59288194444444,58.75,59.18688524305554,0.2609182091634729
595,0.5955955955955956,41.142361111111114,72.46527777777777,64.55121527777777,65.23463038194444,10.644986301364614
596,0.5965965965965966,47.682291666666664,78.28819444444444,70.55381944444444,71.22295763888889,10.616416860698232
597,0.5975975975975976,47.119791666666664,77.51909722222223,69.921875,70.50768541666667,1.1433593346337456
598,0.5985985985985987,48.400173611111114,78.68576388888889,70.85850694444444,71.68191944444443,1.9692050259239686
599,0.5995995995995996,72.20920138888889,99.55555555555556,92.49479166666667,93.23193350694444,38.34770950805446
600,0.6006006006006006,71.6640625,99.02430555555556,91.93663194444444,92.69578784722222,0.9438989597357359
601,0.6016016016016016,65.45833333333333,93.57378472222223,86.19791666666667,87.06390208333333,10.057440274941635
602,0.6026026026026026,67.99565972222223,95.79947916666667,88.57118055555556,89.36650399305556,4.12602986538959
603,0.6036036036036037,64.19618055555556,92.51822916666667,85.25520833333333,85.97257152777779,6.016503575913795
604,0.6046046046046046,63.528645833333336,91.8046875,84.42100694444444,85.26009930555554,1.2847709027939167
605,0.6056056056056056,71.32465277777777,98.69270833333333,91.49045138888889,92.35425677083332,12.577742246975259
606,0.6066066066066066,70.44618055555556,97.82465277777777,90.79513888888889,91.49645868055555,1.4172837984691535
607,0.6076076076076076,38.9609375,70.34722222222223,62.28559027777778,63.09244826388889,50.587785899484615
608,0.6086086086086087,35.52690972222222,67.33506944444444,59.20225694444444,59.985465624999996,5.511130154484494
609,0.6096096096096096,35.536458333333336,67.33767361111111,59.209201388888886,59.98985954861111,0.012090614823947155
610,0.6106106106106106,35.490451388888886,67.28559027777777,59.161458333333336,59.939381423611096,0.08431317751103407
611,0.6116116116116116,35.517361111111114,67.28211805555556,59.09461805555556,59.937793229166665,0.07213745359138024
612,0.6126126126126126,35.591145833333336,67.41319444444444,59.12934027777778,60.04973263888889,0.15437239932581898
613,0.6136136136136137,35.595486111111114,67.44097222222223,59.173611111111114,60.073718402777786,0.05244377592706602
614,0.6146146146146146,35.502604166666664,67.35850694444444,59.07378472222222,59.98778506944444,0.1593514529627694
615,0.6156156156156156,35.912326388888886,67.74652777777777,59.4609375,60.380356944444436,0.6843389071391865
616,0.6166166166166166,35.56597222222222,67.37673611111111,59.16059027777778,60.02056197916666,0.5889953644979458
617,0.6176176176176176,37.048611111111114,68.70486111111111,60.53472222222222,61.384858333333334,2.4187543676887397
618,0.6186186186186187,37.24913194444444,68.97829861111111,60.64496527777778,61.631011111111114,0.356553225066284
619,0.6196196196196196,37.09461805555556,68.74565972222223,60.55815972222222,61.425510763888894,0.29245614877846415
620,0.6206206206206206,40.49652777777778,71.80902777777777,63.720486111111114,64.56799756944444,5.563948399456207
621,0.6216216216216216,64.69618055555556,92.79861111111111,85.32204861111111,86.2842265625,38.6369422381399
622,0.6226226226226226,63.85069444444444,92.11805555555556,84.60590277777777,85.56603715277777,1.3003336044569627
623,0.6236236236236237,56.298611111111114,85.56163194444444,77.82291666666667,78.78157847222222,12.08426885771218
624,0.6246246246246246,60.717013888888886,89.45659722222223,81.73090277777777,82.78876666666666,7.068620308547218
625,0.6256256256256256,58.895833333333336,87.74131944444444,80.09895833333333,81.056990625,2.9869916539262378
626,0.6266266266266266,55.893229166666664,85.34722222222223,77.61111111111111,78.52675607638889,4.575665753991977
627,0.6276276276276276,60.919270833333336,89.53732638888889,81.81510416666667,82.89558333333333,7.777636233056039
628,0.6286286286286287,60.73350694444444,89.21614583333333,81.62413194444444,82.61259340277778,0.4172955323779509
629,0.6296296296296297,40.60503472222222,71.85503472222223,63.75347222222222,64.62635190972222,32.03004920259369
630,0.6306306306306306,38.526041666666664,69.93315972222223,61.5703125,62.65220885416667,3.57519258410042
631,0.6316316316316316,39.02777777777778,70.26041666666667,62.041666666666664,63.02696388888889,0.7622407646630054
632,0.6326326326326326,38.27777777777778,69.64930555555556,61.473958333333336,62.38945868055555,1.1217172290107549
633,0.6336336336336337,36.4609375,68.25607638888889,59.834201388888886,60.88837048611111,2.816167420921587
634,0.6346346346346347,36.40190972222222,67.86371527777777,59.506076388888886,60.57151388888888,0.5148762333675259
635,0.6356356356356356,36.67100694444444,68.26475694444444,59.96180555555556,60.94845260416666,0.6640307272718605
636,0.6366366366366366,36.432291666666664,68.14583333333333,59.63715277777778,60.78920763888888,0.42015144322381803
637,0.6376376376376376,36.29774305555556,67.83333333333333,59.372395833333336,60.51798715277777,0.4311099840916303
638,0.6386386386386387,36.4140625,67.8515625,59.56336805555556,60.56954236111111,0.22434996174218225
639,0.6396396396396397,36.318576388888886,68.03645833333333,59.4609375,60.674084027777766,0.23193983122907147
640,0.6406406406406406,36.521701388888886,68.06770833333333,59.57118055555556,60.747577951388884,0.23321633609853676
641,0.6416416416416416,36.63368055555556,68.078125,59.74305555555556,60.79124409722222,0.2053992607990757
642,0.6426426426426426,36.71875,68.27951388888889,59.673611111111114,60.94834930555555,0.22938357789995215
643,0.6436436436436437,36.802951388888886,68.32899305555556,59.763020833333336,61.008093402777774,0.13240906408815226
644,0.6446446446446447,36.720486111111114,67.98177083333333,59.6640625,60.73508315972221,0.3703465206803207
645,0.6456456456456456,36.88715277777778,68.35763888888889,59.6875,61.04102951388889,0.4118299277264128
646,0.6466466466466466,36.79253472222222,68.30121527777777,59.69444444444444,60.98106093749999,0.11038308582647391
647,0.6476476476476476,36.90277777777778,68.1796875,59.763020833333336,60.922533159722214,0.17783490428729037
648,0.6486486486486487,36.93055555555556,68.37152777777777,59.76475694444444,61.06576822916666,0.1938486811869358
649,0.6496496496496497,36.94618055555556,68.50086805555556,59.896701388888886,61.17112065972222,0.18542487562457047
650,0.6506506506506506,37.14930555555556,68.47482638888889,59.98871527777778,61.2023234375,0.2245094425101883
651,0.6516516516516516,34.846354166666664,64.14409722222223,55.78559027777778,57.311912847222224,6.459493786685421
652,0.6526526526526526,56.560763888888886,88.90190972222223,85.57638888888889,81.7860795138889,44.406717411417326
653,0.6536536536536537,48.190104166666664,82.33072916666667,72.58680555555556,74.36892100694445,16.7921896503272
654,0.6546546546546547,48.57118055555556,83.0078125,72.62152777777777,74.93669479166667,0.7777317578461219
655,0.6556556556556556,48.89149305555556,83.42447916666667,73.06336805555556,75.33469409722223,0.6866105445113088
656,0.6566566566566566,49.067708333333336,83.41145833333333,73.38020833333333,75.38572083333332,0.36277972358621385
657,0.6576576576576577,49.717013888888886,83.66319444444444,73.22482638888889,75.69258628472222,0.7135210738107072
658,0.6586586586586587,49.5859375,84.42361111111111,73.78732638888889,76.24918194444444,0.9548930708035335
659,0.6596596596596597,49.701388888888886,84.48090277777777,74.26649305555556,76.34929774305554,0.4961975944220861
660,0.6606606606606606,50.205729166666664,84.68142361111111,73.98958333333333,76.57994010416667,0.6093001843515697
661,0.6616616616616616,50.263020833333336,85.20746527777777,74.70052083333333,77.01967499999998,0.8862473125742777
662,0.6626626626626627,50.66319444444444,85.42013888888889,74.88802083333333,77.27039357638888,0.490433720183212
663,0.6636636636636637,51.282986111111114,85.77690972222223,75.11024305555556,77.67336822916667,0.7488723880850486
664,0.6646646646646647,51.5546875,86.27604166666667,75.68055555555556,78.12928767361112,0.805115327357075
665,0.6656656656656657,51.364583333333336,86.24739583333333,75.92881944444444,78.08630868055556,0.3139986249613548
666,0.6666666666666666,51.77690972222222,86.84375,75.75954861111111,78.58826041666666,0.7445159219870373
667,0.6676676676676677,52.10850694444444,87.28472222222223,76.22569444444444,79.00779704861112,0.7222916007341683
668,0.6686686686686687,52.697916666666664,87.32552083333333,76.78298611111111,79.20252118055555,0.8121836916946729
669,0.6696696696696697,52.799479166666664,87.30295138888889,76.6640625,79.19938541666666,0.15800995699160333
670,0.6706706706706707,53.309895833333336,88.39409722222223,77.06336805555556,80.11711736111111,1.2690820816280417
671,0.6716716716716716,53.271701388888886,88.65190972222223,77.30295138888889,80.31068263888889,0.35401451150168833
672,0.6726726726726727,53.27690972222222,88.3671875,77.61458333333333,80.13065642361111,0.42214729581213656
673,0.6736736736736737,53.751736111111114,88.88454861111111,78.07899305555556,80.6351515625,0.8419020186280113
674,0.6746746746746747,54.224826388888886,89.73524305555556,78.26041666666667,81.35724600694445,0.9901565408586084
675,0.6756756756756757,54.713541666666664,90.07638888888889,78.75173611111111,81.74060763888887,0.7724104471220585
676,0.6766766766766766,55.76996527777778,90.23090277777777,78.98177083333333,82.09232013888888,1.0921636147576357
677,0.6776776776776777,56.270833333333336,90.7578125,78.97222222222223,82.57496111111111,0.7270445931457449
678,0.6786786786786787,56.73524305555556,90.97916666666667,79.98263888888889,82.90495920138889,1.1338500330612404
679,0.6796796796796797,57.243923611111114,91.47135416666667,80.48784722222223,83.40159322916666,0.8696205510600669
680,0.6806806806806807,57.717013888888886,92.30555555555556,80.95833333333333,84.13276215277777,1.0682057614993663
681,0.6816816816816816,58.21440972222222,92.74479166666667,81.40798611111111,84.58511510416668,0.8015725774280563
682,0.6826826826826827,58.700520833333336,93.28385416666667,81.74131944444444,85.09806649305555,0.7987512143108391
683,0.6836836836836837,59.1953125,93.78125,82.13454861111111,85.58738784722222,0.8042702194769471
684,0.6846846846846847,59.677083333333336,94.31944444444444,82.32118055555556,86.08820381944443,0.7460481744288855
685,0.6856856856856857,60.16840277777778,94.78298611111111,82.50520833333333,86.53747013888888,0.7000942052460771
686,0.6866866866866866,60.66753472222222,95.0234375,82.79166666666667,86.83623871527779,0.6237050145057366
687,0.6876876876876877,61.74565972222222,96.09895833333333,83.91579861111111,87.91582291666667,1.8928209654057253
688,0.6886886886886887,62.25086805555556,96.30121527777777,84.33072916666667,88.1978423611111,0.684332300552219
689,0.6896896896896897,62.71875,96.76128472222223,84.82986111111111,88.66239305555555,0.824445332095121
690,0.6906906906906907,63.356770833333336,96.92881944444444,85.15711805555556,88.94148506944443,0.7363664675992191
691,0.6916916916916916,63.927951388888886,97.31944444444444,85.50520833333333,89.3674251736111,0.7745979338683734
692,0.6926926926926927,64.25868055555556,97.64756944444444,85.74392361111111,89.68964843750001,0.5234814047829743
693,0.6936936936936937,64.93576388888889,98.15798611111111,85.81336805555556,90.20366024305555,0.8507582175642411
694,0.6946946946946947,65.3046875,98.61631944444444,86.18055555555556,90.63640434027778,0.6935421655789609
695,0.6956956956956957,65.91145833333333,99.08854166666667,86.65104166666667,91.13710624999999,0.9013999401447625
696,0.6966966966966966,66.52430555555556,99.58420138888889,87.11284722222223,91.65523576388888,0.9135232066898361
697,0.6976976976976977,67.01736111111111,100.03211805555556,87.61892361111111,92.11694809027777,0.8365682473849911
698,0.6986986986986987,67.75520833333333,100.41493055555556,88.04774305555556,92.5785626736111,0.9353341913086084
699,0.6996996996996997,68.2578125,100.734375,88.33159722222223,92.93437725694443,0.6597187956782408
700,0.7007007007007007,68.86545138888889,101.00260416666667,88.49392361111111,93.26711875,0.6837556300832355
701,0.7017017017017017,69.36631944444444,101.45659722222223,88.79600694444444,93.7201095486111,0.7404274737247739
702,0.7027027027027027,69.73177083333333,101.69618055555556,88.96440972222223,93.98131319444445,0.4683101395605253
703,0.7037037037037037,70.4765625,102.06684027777777,89.50434027777777,94.44373472222222,0.9917803492893397
704,0.7047047047047047,70.97395833333333,102.3984375,89.94878472222223,94.8187282986111,0.7449095226941299
705,0.7057057057057057,71.47309027777777,102.93055555555556,90.46006944444444,95.34232934027777,0.8908952745362186
706,0.7067067067067067,71.984375,103.37673611111111,90.94965277777777,95.80548472222222,0.8367681851095321
707,0.7077077077077077,72.47135416666667,103.91232638888889,91.19444444444444,96.30974461805556,0.7641522194477242
708,0.7087087087087087,72.98871527777777,104.35416666666667,91.45225694444444,96.75435381944445,0.7275662413231615
709,0.7097097097097097,73.43142361111111,104.859375,91.83072916666667,97.23712430555555,0.7710170889585118
710,0.7107107107107107,73.95659722222223,105.07378472222223,91.91059027777777,97.50788802083333,0.5728495857193235
711,0.7117117117117117,74.41059027777777,105.55381944444444,92.40538194444444,97.9834517361111,0.8254464382589577
712,0.7127127127127127,74.94097222222223,105.79947916666667,92.76475694444444,98.29785364583333,0.6861516572449459
713,0.7137137137137137,75.39670138888889,106.25954861111111,93.21527777777777,98.75631093749999,0.7888738735244443
714,0.7147147147147147,75.91145833333333,106.51128472222223,93.63888888888889,99.07637465277777,0.7125953655111148
715,0.7157157157157157,76.37413194444444,106.84635416666667,93.90972222222223,99.43393489583333,0.6322096942181097
716,0.7167167167167167,76.87326388888889,107.20225694444444,94.12152777777777,99.809884375,0.6485839024821818
717,0.7177177177177178,77.29600694444444,107.62326388888889,94.50260416666667,100.22837743055555,0.7079390880997455
718,0.7187187187187187,77.81944444444444,108.12065972222223,94.7265625,100.7115675347222,0.7560071206629358
719,0.7197197197197197,78.28472222222223,108.60850694444444,95.10243055555556,101.18653159722223,0.7718517460697232
720,0.7207207207207207,78.79513888888889,109.08159722222223,95.58680555555556,101.66837222222222,0.8479143383408279
721,0.7217217217217218,79.27951388888889,109.59461805555556,96.13715277777777,102.17799791666667,0.89481371305246
722,0.7227227227227228,80.02690972222223,109.796875,96.55555555555556,102.51175711805556,0.8800961809439986
723,0.7237237237237237,80.51996527777777,110.31857638888889,96.80815972222223,103.00793958333333,0.7609763367215442
724,0.7247247247247247,81.24826388888889,110.5234375,96.98871527777777,103.32232864583332,0.7778092635306095
725,0.7257257257257257,81.76128472222223,111.05381944444444,97.38975694444444,103.83968125,0.839839151760316
726,0.7267267267267268,82.22048611111111,111.26909722222223,97.69010416666667,104.11295920138889,0.5894225064069338
727,0.7277277277277278,82.875,111.52690972222223,97.96440972222223,104.45630121527778,0.755049173043283
728,0.7287287287287287,83.20225694444444,112.01128472222223,98.39496527777777,104.90338715277778,0.7260126271159858
729,0.7297297297297297,83.86631944444444,112.49739583333333,98.90190972222223,105.42883489583332,0.9665793738772919
730,0.7307307307307307,84.44357638888889,113.00347222222223,99.359375,105.94653454861111,0.8936517060200004
731,0.7317317317317318,84.96440972222223,113.48003472222223,99.59548611111111,106.41514843750001,0.7443974975156055
732,0.7327327327327328,85.68836805555556,114.00434027777777,99.8203125,106.96027777777778,0.92171518872697
733,0.7337337337337337,86.20225694444444,114.49045138888889,100.30815972222223,107.45241979166666,0.8592908207929839
734,0.7347347347347347,86.68576388888889,114.78211805555556,100.5078125,107.7782282986111,0.598923735917044
735,0.7357357357357357,87.18663194444444,115.26649305555556,100.77517361111111,108.25044131944445,0.7463041695150673
736,0.7367367367367368,87.68576388888889,115.49131944444444,101.22569444444444,108.54988020833333,0.7089771677374834
737,0.7377377377377378,88.16579861111111,115.99826388888889,101.75,109.05235711805555,0.8731107145594299
738,0.7387387387387387,88.68402777777777,116.20399305555556,102.1796875,109.34069357638889,0.7039299019487885
739,0.7397397397397397,89.14756944444444,116.59722222222223,102.58940972222223,109.75006197916666,0.7330568556641439
740,0.7407407407407407,89.68489583333333,116.91927083333333,102.76215277777777,110.10709878472223,0.6498269918660075
741,0.7417417417417418,90.13715277777777,117.44965277777777,103.171875,110.61215972222222,0.8085256026704493
742,0.7427427427427428,90.68402777777777,117.90711805555556,103.36111111111111,111.0692673611111,0.7376700154850844
743,0.7437437437437437,91.14670138888889,118.41319444444444,103.61805555555556,111.54812899305554,0.7322572152872765
744,0.7447447447447447,91.68836805555556,118.89409722222223,104.08072916666667,112.04063402777777,0.8594981849141812
745,0.7457457457457457,92.1640625,119.37586805555556,104.57552083333333,112.52205312499999,0.8385744652258172
746,0.7467467467467468,92.73784722222223,119.62413194444444,105.02170138888889,112.85381232638889,0.7680761382426475
747,0.7477477477477478,93.22135416666667,120.09114583333333,105.41579861111111,113.31906805555555,0.7792262561697973
748,0.7487487487487487,93.70572916666667,120.36197916666667,105.62847222222223,113.63110121527778,0.5943062341356441
749,0.7497497497497497,94.21180555555556,120.69357638888889,106.02777777777777,114.00468124999999,0.7249241035265859
750,0.7507507507507507,94.93576388888889,121.07899305555556,106.2265625,114.4485970486111,0.8439058248028553
751,0.7517517517517518,95.4140625,121.31423611111111,106.50868055555556,114.73889809027779,0.6030749985270358
752,0.7527527527527528,95.81336805555556,121.79774305555556,106.93402777777777,115.20030468750001,0.7577230044519485
753,0.7537537537537538,96.43315972222223,122.31163194444444,107.48784722222223,115.73959149305556,0.9772100476548893
754,0.7547547547547547,96.78211805555556,122.77690972222223,107.92100694444444,116.17782083333334,0.7251776843313884
755,0.7557557557557557,97.44097222222223,123.30295138888889,108.45225694444444,116.73247447916665,0.9965115205071482
756,0.7567567567567568,98.02690972222223,123.765625,108.66666666666667,117.20342934027776,0.7767632543499092
757,0.7577577577577578,98.57725694444444,124.30815972222223,108.9296875,117.72744409722223,0.8163369087526403
758,0.7587587587587588,99.3046875,124.52690972222223,109.16145833333333,118.05527968749999,0.7941816510345049
759,0.7597597597597597,99.87239583333333,125.09027777777777,109.45399305555556,118.60001631944442,0.851617802457285
760,0.7607607607607607,100.36024305555556,125.32118055555556,109.91579861111111,118.90221666666667,0.7103346930549138
761,0.7617617617617618,101.09548611111111,125.80208333333333,110.43402777777777,119.43988715277777,1.020005539985478
762,0.7627627627627628,101.47743055555556,126.05208333333333,110.88975694444444,119.7327921875,0.6450353726677885
763,0.7637637637637638,101.95572916666667,126.265625,111.40711805555556,120.02455694444444,0.7362283097543366
764,0.7647647647647647,102.59895833333333,126.78125,111.7265625,120.55314635416666,0.8841140506530257
765,0.7657657657657657,103.06857638888889,127.234375,111.88194444444444,120.98828072916666,0.6708255603270632
766,0.7667667667667668,103.58940972222223,127.65711805555556,112.06163194444444,121.41432916666666,0.6944542100007889
767,0.7677677677677678,104.05208333333333,128.04513888888889,112.33246527777777,121.80976024305555,0.6617988606545935
768,0.7687687687687688,104.58159722222223,128.54427083333334,112.78732638888889,122.31215503472221,0.8581470077395763
769,0.7697697697697697,105.03211805555556,129.05815972222223,113.29340277777777,122.8120078125,0.8503905707271366
770,0.7707707707707707,105.56684027777777,129.28385416666666,113.76128472222223,123.1208875,0.7455061040182491
771,0.7717717717717718,106.03298611111111,129.84548611111111,114.24479166666667,123.65657847222221,0.8755006249458078
772,0.7727727727727728,106.55208333333333,130.07725694444446,114.5859375,123.95733177083333,0.6629933068316318
773,0.7737737737737738,107.03559027777777,130.48524305555554,114.72829861111111,124.36219548611109,0.6484584166639676
774,0.7747747747747747,107.53993055555556,130.81076388888889,114.94965277777777,124.71821249999999,0.6397816782494621
775,0.7757757757757757,108.0390625,131.07291666666666,115.46788194444444,125.04923576388887,0.7657795022364629
776,0.7767767767767768,108.52083333333333,131.55121527777777,115.68315972222223,125.50928246527776,0.7121918413225838
777,0.7777777777777778,109.04253472222223,132.04079861111111,116.20572916666667,126.00807569444443,0.8859700918842396
778,0.7787787787787788,109.50607638888889,132.5390625,116.65538194444444,126.49544791666665,0.8156748128206756
779,0.7797797797797797,110.171875,133.01128472222223,117.19184027777777,127.01346232638889,0.9767646395733013
780,0.7807807807807807,110.50173611111111,133.52777777777777,117.50954861111111,127.47592517361109,0.690298496398486
781,0.7817817817817818,111.18142361111111,133.98697916666666,117.66493055555556,127.96006614583331,0.8348560126591097
782,0.7827827827827828,111.77517361111111,134.25520833333334,117.88975694444444,128.2943673611111,0.6892262716202286
783,0.7837837837837838,112.32118055555556,134.73090277777777,118.3984375,128.78739184027776,0.8849659289809754
784,0.7847847847847848,113.09288194444444,134.96701388888889,118.66493055555556,129.13956302083332,0.8498764845920245
785,0.7857857857857858,113.61284722222223,135.35850694444446,119.17100694444444,129.5666421875,0.8244658962222647
786,0.7867867867867868,114.0859375,135.7109375,119.6484375,129.95374999999999,0.7589213679921823
787,0.7877877877877878,114.70920138888889,135.97916666666666,120.15538194444444,130.31469479166665,0.8469931704545625
788,0.7887887887887888,115.078125,136.44270833333334,120.63020833333333,130.75893541666667,0.7592335656151226
789,0.7897897897897898,115.68229166666667,136.97916666666666,120.765625,131.2808333333333,0.8192329205573874
790,0.7907907907907908,116.31770833333333,137.43055555555554,120.84635416666667,131.74458489583333,0.7835964954240184
791,0.7917917917917918,116.77690972222223,137.95746527777777,121.37065972222223,132.25691180555555,0.8737254068162503
792,0.7927927927927928,117.55989583333333,138.44010416666666,121.55989583333333,132.7822208333333,0.939051571006212
793,0.7937937937937938,118.01475694444444,138.94704861111111,122.09201388888889,133.27990989583333,0.8643152927043254
794,0.7947947947947948,118.54774305555556,139.20052083333334,122.54774305555556,133.60740972222223,0.7456617433034383
795,0.7957957957957958,119.00868055555556,139.69618055555554,123.05295138888889,134.0963769097222,0.8446167173393374
796,0.7967967967967968,119.52604166666667,139.97395833333334,123.52604166666667,134.43919166666666,0.7540805156249311
797,0.7977977977977978,120.0,140.37413194444446,123.62586805555556,134.8333668402778,0.6282839554567752
798,0.7987987987987988,120.5,140.75173611111111,123.87413194444444,135.22765399305555,0.673958355694366
799,0.7997997997997998,121.0,141.0,124.25173611111111,135.5387753472222,0.673958355694374
800,0.8008008008008008,121.5,141.5,124.5,136.02059999999997,0.749423083795951
801,0.8018018018018018,122.0,142.0,125.0,136.5206,0.8660254037844386
802,0.8028028028028028,122.5,142.5,125.5,137.0206,0.8660254037844386
803,0.8038038038038038,123.0,143.0,126.0,137.5206,0.8660254037844386
804,0.8048048048048048,123.5,143.5,126.5,138.02059999999997,0.8660254037844386
805,0.8058058058058059,123.75173611111111,143.74305555555554,126.52517361111111,138.24976996527775,0.35082870951524836
806,0.8068068068068068,119.45225694444444,139.10243055555554,122.47916666666667,133.72460399305555,7.509400354869781
807,0.8078078078078078,119.77256944444444,139.05381944444446,122.58159722222223,133.76533125,0.33978692807570515
808,0.8088088088088088,120.24739583333333,139.41232638888889,122.81944444444444,134.13985607638887,0.6407484919365503
809,0.8098098098098098,123.02777777777777,142.0390625,125.24565972222223,136.7847796875,4.529545995851034
810,0.8108108108108109,123.21440972222223,142.09809027777777,125.57291666666667,136.89030225694444,0.3813303933908416
811,0.8118118118118118,123.58854166666667,142.34375,125.84548611111111,137.16521805555556,0.5240396101639974
812,0.8128128128128128,124.12934027777777,142.75434027777777,126.26736111111111,137.60430538194444,0.7993910367337893
813,0.8138138138138138,124.60763888888889,143.22916666666666,126.49826388888889,138.06225868055554,0.7124224545601936
814,0.8148148148148148,125.26822916666667,143.65451388888889,126.69270833333333,138.52094739583333,0.8093876799914895
815,0.8158158158158159,123.1015625,141.43576388888889,124.57725694444444,136.3207284722222,3.753988623543814
816,0.8168168168168168,98.89583333333333,116.43663194444444,103.03993055555556,111.74021631944444,40.92346943316622
817,0.8178178178178178,91.10503472222223,108.265625,96.16319444444444,103.74348802083334,13.219356906707283
818,0.8188188188188188,88.609375,105.73871527777777,94.05642361111111,101.25355607638888,4.129415641173404
819,0.8198198198198198,102.30902777777777,119.47916666666667,106.1328125,114.86518836805556,22.854313798444533
820,0.8208208208208209,106.39149305555556,123.5390625,109.68142361111111,118.89296770833333,6.7632771449704645
821,0.8218218218218218,107.82465277777777,124.80121527777777,110.78385416666667,120.17994461805554,2.205069058708759
822,0.8228228228228228,108.48524305555556,125.07378472222223,111.06510416666667,120.53563402777777,0.7679682152532695
823,0.8238238238238238,110.14930555555556,126.75347222222223,112.36892361111111,122.18486197916667,2.7000739332977375
824,0.8248248248248248,112.46440972222223,129.10503472222223,114.34809027777777,124.50178645833334,3.8479415520987374
825,0.8258258258258259,114.27604166666667,130.93142361111111,115.86197916666667,126.30247552083333,2.984889653486306
826,0.8268268268268268,108.17100694444444,124.69791666666667,110.61024305555556,120.167165625,10.183751271841071
827,0.8278278278278278,104.71788194444444,121.19704861111111,107.62239583333333,116.71348784722223,5.7539013227005755
828,0.8288288288288288,104.86284722222223,121.34809027777777,107.8046875,116.86549392361111,0.2775946119195129
829,0.8298298298298298,113.52864583333333,130.125,115.36197916666667,125.53072499999999,14.465229592904624
830,0.8308308308308309,118.19097222222223,134.45486111111111,119.20138888888889,129.89585763888888,7.431423256223309
831,0.8318318318318318,118.9375,134.98350694444446,119.71440972222223,130.46969704861112,1.0487900245180442
832,0.8328328328328328,119.44270833333333,135.27951388888889,120.02604166666667,130.81130833333333,0.6633023745072762
833,0.8338338338338338,118.77690972222223,134.61111111111111,119.71614583333333,130.16934340277777,0.9930183741582418
834,0.8348348348348348,116.76475694444444,132.57465277777777,118.09895833333333,128.16832378472222,3.2880414770312623
835,0.8358358358358359,116.71527777777777,132.10763888888889,117.84288194444444,127.80530746527776,0.5349067930915821
836,0.8368368368368369,115.64496527777777,130.83940972222223,117.00954861111111,126.61055486111113,1.8569917908501077
837,0.8378378378378378,113.79079861111111,128.88020833333334,115.26128472222223,124.68891354166666,3.2144720772149773
838,0.8388388388388388,105.79774305555556,120.79600694444444,108.52170138888889,116.72117118055554,13.216097484403456
839,0.8398398398398398,106.65104166666667,121.82899305555556,109.29166666666667,117.69696562499999,1.5453237053951003
840,0.8408408408408409,113.48784722222223,128.48784722222223,115.16493055555556,124.3369326388889,11.206135717808152
841,0.8418418418418419,139.40972222222223,153.91927083333334,137.44878472222223,149.64537170138888,42.60599801582722
842,0.8428428428428428,144.85503472222223,159.36024305555554,142.0703125,155.02810277777775,8.978536960241428
843,0.8438438438438438,145.35069444444446,159.85763888888889,142.56423611111111,155.52487881944444,0.8585113329850868
844,0.8448448448448449,145.84548611111111,160.59548611111111,143.05729166666666,156.19337847222224,1.0160418778810312
845,0.8458458458458459,146.58767361111111,161.08854166666666,143.55034722222223,156.73939947916665,1.0183564439255286
846,0.8468468468468469,147.57725694444446,161.58767361111111,144.04513888888889,157.34248802083334,1.2137654901086958
847,0.8478478478478478,148.31336805555554,162.32552083333334,144.78298611111111,158.07996614583334,1.2769873196642616
848,0.8488488488488488,148.80729166666666,162.6953125,145.40451388888889,158.4943236111111,0.8757871824242018
849,0.8498498498498499,149.30034722222223,163.31336805555554,146.140625,159.09432777777775,1.0802573853107986
850,0.8508508508508509,150.28819444444446,163.80729166666666,146.63715277777777,159.69344756944443,1.2109262992313563
851,0.8518518518518519,152.87413194444446,166.0,149.0,161.98204045138888,4.132564528781013
852,0.8528528528528528,153.5,166.5,149.5,162.5088,0.9443044122341461
853,0.8538538538538538,154.0,167.0,150.0,163.0088,0.8660254037844386
854,0.8548548548548549,154.5,167.5,150.5,163.50879999999998,0.8660254037844386
855,0.8558558558558559,155.5,168.0,151.0,164.11509999999998,1.224744871391589
856,0.8568568568568569,156.24739583333334,168.5,151.5,164.66769635416665,1.0288831477306069
857,0.8578578578578578,157.0,169.0,152.0,165.2214,1.03267276118043
858,0.8588588588588588,157.5,169.5,152.5,165.7214,0.8660254037844386
859,0.8598598598598599,158.0,170.0,153.0,166.22140000000002,0.8660254037844386
860,0.8608608608608609,158.58940972222223,170.34288194444446,153.609375,166.63593454861112,0.914499720667588
861,0.8618618618618619,158.33680555555554,169.62239583333334,153.02777777777777,166.02494791666666,0.9597731139274531
862,0.8628628628628628,158.97916666666666,170.01996527777777,153.68142361111111,166.49304878472222,0.9989705379328246
863,0.8638638638638638,159.47395833333334,170.63541666666666,154.42708333333334,167.0922489583333,1.0860974297145658
864,0.8648648648648649,160.08940972222223,171.37586805555554,155.02170138888889,167.79559618055555,1.1316445128154835
865,0.8658658658658659,160.11631944444446,171.05121527777777,155.03819444444446,167.57031631944443,0.3261833535765731
866,0.8668668668668669,160.47482638888889,171.18489583333334,154.98697916666666,167.73844548611112,0.3860320256486294
867,0.8678678678678678,160.98177083333334,171.56944444444446,155.3828125,168.14983020833333,0.7493692893616415
868,0.8688688688688688,161.46006944444446,172.28993055555554,155.86284722222223,168.80146666666664,0.9890920746997061
869,0.8698698698698699,161.85503472222223,172.68923611111111,156.2734375,169.2006642361111,0.6957203989773788
870,0.8708708708708709,159.13541666666666,169.60329861111111,153.55555555555554,166.2191798611111,4.930133353769175
871,0.8718718718718719,127.45138888888889,138.82378472222223,125.97395833333333,135.4782559027778,52.07687199504396
872,0.8728728728728729,116.67361111111111,128.26041666666666,116.78472222222223,124.96851666666664,17.668822790724924
873,0.8738738738738738,113.03298611111111,124.83767361111111,113.74565972222223,121.52715364583332,5.84852300105633
874,0.8748748748748749,133.15277777777777,144.30989583333334,131.40190972222223,141.0059359375,33.101610520398765
875,0.8758758758758759,139.3671875,149.91927083333334,136.453125,146.7036421875,9.77746142251304
876,0.8768768768768769,142.3046875,152.59635416666666,139.09027777777777,149.43320711805552,4.76972286374712
877,0.8778778778778779,144.49479166666666,154.52430555555554,140.87239583333334,151.4063630208333,3.4189907257415024
878,0.8788788788788788,147.72309027777777,157.63715277777777,143.92361111111111,154.53930538194444,5.424172233875237
879,0.8798798798798799,149.61197916666666,159.46788194444446,145.63368055555554,156.37368767361113,3.1374843459489106
880,0.8808808808808809,150.0625,159.59461805555554,145.78472222222223,156.57101527777778,0.49177703097682524
881,0.8818818818818819,140.98524305555554,150.62760416666666,137.77864583333334,147.64994340277775,15.063239720050776
882,0.8828828828828829,135.859375,145.56336805555554,133.2109375,142.60845364583332,8.531410793675887
883,0.8838838838838838,135.65798611111111,145.38368055555554,133.09027777777777,142.4284142361111,0.29564142265740656
884,0.8848848848848849,147.20746527777777,156.4296875,143.04947916666666,153.50299201388887,18.83057170514025
885,0.8858858858858859,153.70399305555554,162.37934027777777,148.71006944444446,159.54804010416663,10.471175847841993
886,0.8868868868868869,155.37065972222223,163.57378472222223,149.82552083333334,160.83717569444445,2.3342465828648464
887,0.8878878878878879,156.06163194444446,164.1484375,150.60503472222223,161.45134895833334,1.1896681595558938
888,0.8888888888888888,154.21614583333334,162.63975694444446,149.1953125,159.87820833333333,2.769341573161856
889,0.8898898898898899,151.97743055555554,160.4140625,147.31423611111111,157.67462708333332,3.6747802976262274
890,0.8908908908908909,151.69010416666666,160.07204861111111,146.94878472222223,157.34254756944443,0.5771348816226948
891,0.8918918918918919,150.57378472222223,158.72916666666666,145.87847222222223,156.06751232638888,2.048186970570776
892,0.8928928928928929,147.5546875,155.88715277777777,143.23871527777777,153.2024534722222,4.915313591990855
893,0.8938938938938938,134.84635416666666,143.93402777777777,132.34288194444446,141.16510763888888,20.569348978626273
894,0.8948948948948949,136.1171875,145.17361111111111,133.5,142.40538072916667,2.1190814981688595
895,0.8958958958958959,145.85763888888889,154.19270833333334,141.61979166666666,151.51290798611112,15.561218611447929
896,0.8968968968968969,176.26215277777777,182.65798611111111,167.62847222222223,180.21310104166665,49.1035433347393
897,0.8978978978978979,183.93923611111111,189.86892361111111,174.08767361111111,187.46886579861112,12.35542434390964
898,0.8988988988988988,184.43315972222223,190.49045138888889,174.58333333333334,188.05417725694443,0.9359144578410117
899,0.8998998998998999,184.93489583333334,190.99131944444446,175.20833333333334,188.5641921875,0.9451100117282238
900,0.9009009009009009,185.79774305555554,191.48524305555554,175.82552083333334,189.1454486111111,1.1702077903799104
901,0.9019019019019019,186.66840277777777,191.98350694444446,176.57204861111111,189.74080850694443,1.250447511039392
902,0.9029029029029029,187.41666666666666,192.47916666666666,177.1953125,190.29938489583333,1.0927192150051195
903,0.9039039039039038,187.91579861111111,192.97829861111111,178.06510416666666,190.82527847222224,1.120179869187342
904,0.9049049049049049,188.53559027777777,193.47222222222223,178.55815972222223,191.34589895833335,0.9333841784317373
905,0.9059059059059059,189.28125,193.96788194444446,179.05381944444446,191.89470868055557,1.0234087852912757
906,0.9069069069069069,191.37413194444446,195.5,180.5,193.5398404513889,2.9696765427917984
907,0.9079079079079079,192.0,196.0,181.0,194.06659999999997,0.9443044122341461
908,0.908908908908909,192.5,196.5,181.5,194.5666,0.8660254037844386
909,0.9099099099099099,193.12586805555554,197.0,182.0,195.0933595486111,0.9443044122341461
910,0.9109109109109109,194.0,197.5,182.5,195.6729,1.124324978063837
911,0.9119119119119119,195.0,198.0,183.0,196.2792,1.224744871391589
912,0.9129129129129129,195.5,198.75173611111111,183.75173611111111,196.97741701388887,1.1748252472163352
913,0.913913913913914,196.0,199.25173611111111,184.25173611111111,197.4774170138889,0.8660254037844386
914,0.914914914914915,196.5,200.0,185.0,198.1729,1.1703835673958505
915,0.9159159159159159,197.5,200.5,185.62586805555554,198.7882876736111,1.2812926375207485
916,0.9169169169169169,198.24739583333334,201.0,186.24739583333334,199.34965833333337,1.0931135852387217
917,0.9179179179179179,199.0,201.74739583333334,187.0,200.0985375,1.3005485746607348
918,0.918918918918919,199.5,202.12673611111111,187.5,200.51224166666665,0.802433203665275
919,0.91991991991992,200.0,202.75260416666666,188.0,201.1022625,0.9443044122341461
920,0.9209209209209209,200.26996527777777,202.6796875,187.97743055555554,201.10587760416666,0.28054851863080144
921,0.9219219219219219,200.74739583333334,202.94184027777777,188.14409722222223,201.40690434027778,0.5695979213905957
922,0.9229229229229229,201.43923611111111,203.51388888888889,188.59375,201.99558368055554,1.0040269936575634
923,0.923923923923924,201.93055555555554,204.00347222222223,189.08506944444446,202.4856614583333,0.849989078315821
924,0.924924924924925,202.62586805555554,204.45138888888889,189.66319444444446,202.9955755208333,1.0091171034914725
925,0.9259259259259259,201.1796875,202.91579861111111,188.40972222222223,201.4993626736111,2.4537050173880486
926,0.9269269269269269,184.51909722222223,187.05989583333334,174.04861111111111,185.58030729166666,27.115059167333623
927,0.9279279279279279,178.50694444444446,181.52864583333334,168.98697916666666,179.98072378472222,9.610453970903848
928,0.928928928928929,176.65451388888889,179.84027777777777,167.66753472222223,178.28411232638888,2.832493476806556
929,0.92992992992993,188.00520833333334,190.29947916666666,177.37586805555554,188.87863246527775,18.23416831598272
930,0.9309309309309309,192.11371527777777,193.80729166666666,180.8828125,192.51408993055554,6.440748185119815
931,0.9319319319319319,194.46354166666666,195.5859375,182.56510416666666,194.40721197916665,3.3934304634232184
932,0.9329329329329329,196.17361111111111,197.20399305555554,184.09635416666666,196.03856232638887,2.8084101994165187
933,0.933933933933934,197.93923611111111,198.87065972222223,185.66840277777777,197.71943611111112,2.892498272099609
934,0.934934934934935,199.44878472222223,200.30034722222223,187.03732638888889,199.16171493055555,2.4893162133447886
935,0.9359359359359359,200.42621527777777,200.80121527777777,187.53125,199.76339878472223,1.2042424314159716
936,0.9369369369369369,195.59114583333334,196.3046875,183.1796875,195.20536354166666,7.907765473275843
937,0.9379379379379379,193.03038194444446,193.87586805555554,181.0703125,192.7715565972222,4.111707489471231
938,0.938938938938939,193.19618055555554,194.17361111111111,181.28125,193.03498090277776,0.40079263401936804
939,0.93993993993994,200.2265625,200.81597222222223,187.5703125,199.7343270833333,11.536877330719875
940,0.9409409409409409,204.21527777777777,204.07291666666666,190.78559027777777,203.14383767361107,6.070877026397982
941,0.9419419419419419,204.50868055555554,204.34895833333334,191.27256944444446,203.4388,0.6320070415044546
942,0.9429429429429429,205.04513888888889,204.87847222222223,191.56163194444446,203.95242968749997,0.8072977336988313
943,0.943943943943944,204.77083333333334,204.68055555555554,191.39583333333334,203.74059166666666,0.3767011072448042
944,0.944944944944945,203.63628472222223,203.52430555555554,190.69444444444446,202.62179635416666,1.7652368076071108
945,0.9459459459459459,203.27604166666666,203.31684027777777,190.85329861111111,202.4082987847222,0.44502982689565923
946,0.9469469469469469,202.35677083333334,202.484375,189.97916666666666,201.5543703125,1.5172883575712284
947,0.9479479479479479,201.06423611111111,201.32552083333334,188.8125,200.36653159722223,2.091578375022522
948,0.948948948948949,195.77604166666666,196.48611111111111,184.31684027777777,195.45652899305554,8.46143269664207
949,0.94994994994995,196.21440972222223,196.8828125,184.90711805555554,195.87606493055554,0.8354438335496933
950,0.950950950950951,200.20052083333334,200.57291666666666,188.59722222222223,199.6291001736111,6.566796731422783
951,0.9519519519519519,215.35850694444446,214.56163194444446,201.72569444444446,213.80429288194443,24.450060960190513
952,0.9529529529529529,218.5,217.24739583333334,204.37326388888889,216.5841871527778,4.9083531095591555
953,0.953953953953954,218.62152777777777,217.25173611111111,204.74739583333334,216.64014045138887,0.3933987171262534
954,0.954954954954955,218.62586805555554,217.5,204.87413194444446,216.82777187499997,0.2787756058140488
955,0.955955955955956,219.0,218.0,205.0,217.274,0.6370380516602784
956,0.9569569569569569,219.5,218.37413194444446,205.5,217.68397916666666,0.7999841947524903
957,0.9579579579579579,219.74739583333334,218.5,206.0,217.86269635416664,0.5718806394345173
958,0.958958958958959,220.0,218.5,206.5,217.95250000000001,0.5601864555818503
959,0.95995995995996,220.0,219.0,207.0,218.3462,0.7071067811865476
960,0.960960960960961,220.5,219.5,207.12152777777777,218.81887430555554,0.7174740418799856
961,0.9619619619619619,220.87326388888889,219.62152777777777,207.25173611111111,218.99454791666665,0.4135808767212342
962,0.9629629629629629,221.0,219.5,207.5,218.9525,0.3040822276250375
963,0.963963963963964,221.0,220.0,208.0,219.34619999999998,0.7071067811865476
964,0.964964964964965,221.5,220.5,208.5,219.84619999999998,0.8660254037844386
965,0.965965965965966,222.0,220.74739583333334,209.0,220.1655375,0.7491359678661138
966,0.9669669669669669,222.25260416666666,220.62239583333334,209.25260416666666,220.14807916666663,0.378474213170082
967,0.9679679679679679,222.24826388888889,221.0,209.5,220.43508090277777,0.45145148470894186
968,0.968968968968969,222.5,221.5,209.75173611111111,220.86437534722222,0.6137932382119361
969,0.96996996996997,223.0,221.74739583333334,210.0,221.1655375,0.6106059751402144
970,0.970970970970971,223.5,221.87413194444446,210.5,221.39857916666668,0.7183745832499705
971,0.9719719719719719,223.5,222.0,211.0,221.52469999999997,0.5155994253384435
972,0.972972972972973,223.5,222.5,211.5,221.91839999999996,0.7071067811865476
973,0.973973973973974,224.0,222.74739583333334,211.74739583333334,222.21949947916664,0.6102535511583675
974,0.974974974974975,224.5,223.0,212.0,222.5247,0.6145060862470872
975,0.975975975975976,224.5,223.0,212.0,222.5247,0.0
976,0.9769769769769769,224.75173611111111,223.5,212.5,222.9719190972222,0.7505804884470068
977,0.977977977977978,225.0,224.0,213.0,223.4184,0.749423083795951
978,0.978978978978979,225.5,224.0,213.5,223.5608,0.7071067811865476
979,0.97997997997998,225.87413194444446,224.0,214.0,223.67644045138886,0.6244795527907941
980,0.980980980980981,225.75173611111111,224.5,214.24739583333334,224.02588107638888,0.5711264644262798
981,0.9819819819819819,226.0,225.0,214.25173611111111,224.43657534722223,0.558259613922968
982,0.982982982982983,226.5,225.0,214.5,224.56079999999997,0.5582427415795328
983,0.983983983983984,227.0,225.0,215.0,224.70319999999998,0.7071067811865476
984,0.984984984984985,227.12152777777777,225.5,215.5,225.12273680555552,0.7174740418799858
985,0.985985985985986,227.12586805555554,226.0,216.0,225.5173595486111,0.7071201015465395
986,0.986986986986987,227.5,226.12586805555554,216.37413194444446,225.71393315972222,0.5438678066560971
987,0.987987987987988,228.0,226.24826388888889,216.5,225.91685833333332,0.5299278322816199
988,0.988988988988989,228.24739583333334,226.5,216.75173611111111,226.16767170138888,0.43352835850194815
989,0.98998998998999,228.25173611111111,227.0,217.0,226.54411909722222,0.558259613922968
990,0.990990990990991,228.5,227.5,217.5,226.9906,0.749423083795951
991,0.991991991991992,229.0,227.5,218.0,227.13299999999998,0.7071067811865476
992,0.992992992992993,229.37326388888889,227.5,218.5,227.24845590277778,0.6239598791176035
993,0.993993993993994,229.37760416666666,228.0,218.74739583333334,227.624840625,0.557874122326791
994,0.994994994994995,229.5,228.5,219.0,228.0267,0.5734017832503835
995,0.995995995995996,230.0,228.5,219.0,228.13299999999998,0.5
996,0.996996996996997,230.5,228.5,219.5,228.2754,0.7071067811865476
997,0.997997997997998,230.74739583333334,229.0,220.0,228.72169635416668,0.7491359678661138
998,0.998998998998999,230.62239583333334,229.5,220.5,229.08882135416667,0.7180703308172536
999,1.0,231.0,229.5,221.0,229.2052,0.6265659635537352
