y,pct,r,g,b,luma,jump
0,0.0,44.44097222222222,65.0703125,57.83506944444444,60.16213020833333,0.0
1,0.001001001001001001,44.962673611111114,65.42795138888889,58.30034722222222,60.562420312499995,0.7852141902106102
2,0.002002002002002002,45.146701388888886,65.94965277777777,58.45746527777778,60.986009374999995,0.5750866417714607
3,0.003003003003003003,45.189236111111114,66.65190972222223,59.1875,61.55001493055556,1.0138662210888887
4,0.004004004004004004,45.35590277777778,66.34114583333333,58.967013888888886,61.347270833333326,0.4158919302030663
5,0.005005005005005005,45.83680555555556,67.53125,60.01475694444444,62.3763203125,1.656919104741282
6,0.006006006006006006,45.97569444444444,67.43576388888889,60.04600694444444,62.33981267361111,0.17141844524995933
7,0.007007007007007007,46.13628472222222,67.03993055555556,60.109375,62.095429340277775,0.4318434618694722
8,0.008008008008008008,46.479166666666664,67.43663194444444,60.38975694444444,62.47229045138888,0.5946041158138914
9,0.009009009009009009,46.251736111111114,67.50260416666667,59.69878472222222,62.421233854166665,0.7304242627322564
10,0.01001001001001001,55.364583333333336,75.55295138888889,80.41666666666667,71.61206458333334,24.0225458092568
11,0.011011011011011011,72.31684027777777,83.07986111111111,79.75,80.5512269097222,18.560113952273905
12,0.012012012012012012,47.217013888888886,59.625,55.625,56.69826215277778,41.97793967661914
13,0.013013013013013013,47.318576388888886,59.454861111111114,55.52430555555556,56.590900868055556,0.22226460370596482
14,0.014014014014014014,47.390625,59.541666666666664,55.57899305555556,56.67225017361111,0.12536717869760913
15,0.015015015015015015,46.98350694444444,59.145833333333336,55.153645833333336,56.27188680555555,0.7094712104019948
16,0.016016016016016016,46.592013888888886,58.947048611111114,54.947916666666664,56.03163090277778,0.48487799326692005
17,0.01701701701701702,46.765625,59.0,55.0,56.11017187499999,0.1888315151070102
18,0.018018018018018018,46.625,58.625,54.90711805555556,55.805368923611105,0.4111294762344103
19,0.01901901901901902,46.34027777777778,58.35069444444444,54.416666666666664,55.513243055555556,0.629962575474803
20,0.02002002002002002,46.544270833333336,58.56336805555556,54.584201388888886,55.72081215277778,0.33898541963926854
21,0.021021021021021023,46.361111111111114,58.5,54.5,55.630472222222224,0.21131225283979832
22,0.022022022022022022,46.29774305555556,58.0,54.0,55.223300173611115,0.7099404978340735
23,0.023023023023023025,46.48003472222222,58.30381944444444,54.38194444444444,55.5069234375,0.5209779891709575
24,0.024024024024024024,46.58159722222222,58.39756944444444,54.372395833333336,55.59487621527778,0.13854667040532284
25,0.025025025025025027,46.822048611111114,58.36805555555556,54.41319444444444,55.62783350694444,0.24566739043784064
26,0.026026026026026026,47.182291666666664,59.0,54.70659722222222,56.17757152777777,0.7843558057080416
27,0.02702702702702703,43.97743055555556,77.68923611111111,62.35850694444444,69.41522760416667,20.447748129205106
28,0.028028028028028028,43.815104166666664,77.8203125,62.30381944444444,69.47051440972221,0.21568866198784875
29,0.02902902902902903,43.967013888888886,78.61024305555556,62.779513888888886,70.1021138888889,0.9345330656436136
30,0.03003003003003003,44.420138888888886,78.82638888888889,63.092013888888886,70.37559826388888,0.5913522950765974
31,0.031031031031031032,43.7421875,78.60329861111111,62.653645833333336,70.04026145833333,0.8375881505052982
32,0.03203203203203203,44.32899305555556,79.00694444444444,63.165798611111114,70.49068124999998,0.8772520655910238
33,0.03303303303303303,44.17621527777778,78.59114583333333,62.73003472222222,70.12935937499999,0.6213853081979162
34,0.03403403403403404,43.72309027777778,78.52430555555556,63.190104166666664,70.01843784722223,0.6491947181468962
35,0.035035035035035036,44.5078125,79.46440972222223,64.57552083333333,70.957659375,1.849044118054296
36,0.036036036036036036,45.559895833333336,81.72309027777777,67.84201388888889,73.0325814236111,4.10834444445876
37,0.037037037037037035,45.736111111111114,83.01475694444444,70.06163194444444,74.15410121527778,2.5741326528460653
38,0.03803803803803804,46.229166666666664,84.60416666666667,70.90190972222223,75.45633871527778,1.8642408078855872
39,0.03903903903903904,45.974826388888886,83.74565972222223,69.07552083333333,74.65639652777779,2.0340647787168042
40,0.04004004004004004,45.998263888888886,83.08072916666667,68.44270833333333,74.14013194444445,0.9182230776199877
41,0.04104104104104104,45.165798611111114,82.1484375,67.51475694444444,73.2293767361111,1.5566823602079374
42,0.042042042042042045,45.029513888888886,82.26475694444444,67.921875,73.31298819444444,0.4448020344224962
43,0.043043043043043044,49.564236111111114,86.10329861111111,72.69878472222223,77.36728802083333,7.62344897364136
44,0.044044044044044044,52.728298611111114,88.30381944444444,75.88454861111111,79.84379236111111,5.00026749260364
45,0.04504504504504504,50.427951388888886,86.81076388888889,74.2734375,78.1705829861111,3.1806432127961988
46,0.04604604604604605,70.06597222222223,105.0,92.58333333333333,96.6765423611111,32.43073323228601
47,0.04704704704704705,84.30815972222223,111.19444444444444,102.65104166666667,104.86158663194443,18.508641166912675
48,0.04804804804804805,75.40190972222223,102.22222222222223,93.8515625,95.91586215277778,15.403015752508951
49,0.04904904904904905,73.86892361111111,103.17100694444444,93.76128472222223,96.26200208333333,1.8051008124596128
50,0.05005005005005005,74.45572916666667,106.05642361111111,97.67881944444444,98.73325295138888,4.900719171726264
51,0.05105105105105105,71.05034722222223,100.16493055555556,92.51041666666667,93.42251423611111,8.54509823726729
52,0.05205205205205205,78.3359375,106.82118055555556,97.70138888888889,100.1067689236111,11.15041175786942
53,0.05305305305305305,79.97569444444444,105.61979166666667,93.65538194444444,99.30402621527779,4.527947691139122
54,0.05405405405405406,50.34722222222222,73.33940972222223,63.33680555555556,67.72908263888888,53.28306953386881
55,0.055055055055055056,46.927951388888886,72.58940972222223,61.481770833333336,66.33181215277777,3.9616999952462475
56,0.056056056056056056,48.19965277777778,81.97916666666667,65.64583333333333,73.61837534722221,10.350080985294307
57,0.057057057057057055,47.71440972222222,82.05989583333333,66.34635416666667,73.62352777777777,0.8559833288386097
58,0.05805805805805806,45.59288194444444,80.28645833333333,64.63802083333333,71.78078680555555,3.25028667290545
59,0.05905905905905906,46.229166666666664,81.40885416666667,64.82378472222223,72.73221059027779,1.3035102135513117
60,0.06006006006006006,45.15972222222222,80.38802083333333,64.42361111111111,71.74585416666666,1.5316497749901103
61,0.06106106106106106,44.704861111111114,79.54427083333333,62.79774305555556,70.92831302083333,1.8873949313742577
62,0.062062062062062065,43.72222222222222,79.07638888888889,62.74565972222222,70.38101440972221,1.0895895435919996
63,0.06306306306306306,43.2734375,78.62760416666667,62.74565972222222,69.96463194444445,0.6346774407525027
64,0.06406406406406406,43.498263888888886,79.75,62.520833333333336,70.79893506944444,1.166561707311555
65,0.06506506506506507,43.27430555555556,79.50954861111111,62.73784722222222,70.59501909722222,0.39378831046479035
66,0.06606606606606606,42.94444444444444,79.47829861111111,62.27690972222222,70.4692609375,0.567669176571803
67,0.06706706706706707,43.173611111111114,79.4453125,62.48784722222222,70.50961979166665,0.3132093126706134
68,0.06806806806806807,42.84722222222222,78.140625,61.3359375,69.42394913194443,1.770772483295483
69,0.06906906906906907,42.865451388888886,78.36631944444444,61.28993055555556,69.58591961805554,0.23105610510774385
70,0.07007007007007007,42.88194444444444,78.70486111111111,62.143229166666664,69.89315920138888,0.91815085943169
71,0.07107107107107107,42.46527777777778,78.71440972222223,61.828125,69.78865451388889,0.52248724667302
72,0.07207207207207207,42.743923611111114,78.140625,61.795138888888886,69.4351421875,0.6387178496142908
73,0.07307307307307308,45.5,58.875,53.5,55.64339999999999,21.155840632978226
74,0.07407407407407407,45.0,59.0,53.5,55.62649999999999,0.5153882032022076
75,0.07507507507507508,44.375,57.5,52.5,54.348625,1.9080421903092184
76,0.07607607607607608,44.0,57.75,52.25,54.429649999999995,0.5153882032022076
77,0.07707707707707707,44.0,57.5,52.5,54.268899999999995,0.3535533905932738
78,0.07807807807807808,44.0,57.5,52.0,54.23279999999999,0.5
79,0.07907907907907907,42.5,57.5,52.25,53.93194999999999,1.5206906325745548
80,0.08008008008008008,42.75,57.25,52.0,53.78825,0.4330127018922193
81,0.08108108108108109,42.5,57.5,52.0,53.91389999999999,0.3535533905932738
82,0.08208208208208208,42.0,57.0,53.0,53.5222,1.224744871391589
83,0.08308308308308308,42.375,57.25,52.75,53.762674999999994,0.5153882032022076
84,0.08408408408408409,42.0,57.0,51.875,53.440975,0.9842509842514764
85,0.08508508508508508,42.0,57.0,51.5,53.4139,0.375
86,0.08608608608608609,42.0,57.0,51.5,53.4139,0.0
87,0.08708708708708708,41.5,56.75,51.5,53.1288,0.5590169943749475
88,0.08808808808808809,41.75,56.0,51.25,52.62749999999999,0.82915619758885
89,0.0890890890890891,79.75,98.0,101.75,94.39079999999998,75.88313383091133
90,0.09009009009009009,133.87413194444446,148.74739583333334,135.25173611111111,144.61095329861112,81.40691718191506
91,0.09109109109109109,133.74739583333334,147.75173611111111,135.5,143.8898380208333,1.0339416244844033
92,0.0920920920920921,134.74913194444446,148.5,136.5,144.7101654513889,1.6010540539654299
93,0.09309309309309309,135.0,149.0,137.0,145.1572,0.7502897982101442
94,0.0940940940940941,133.87760416666666,150.0,136.37760416666666,145.58884166666667,1.6270061401343128
95,0.09509509509509509,135.0,150.62152777777777,137.12586805555554,146.32600434027776,1.485250158272519
96,0.0960960960960961,135.62326388888889,150.0,137.74913194444446,146.05899322916667,1.0785233094074533
97,0.0970970970970971,135.12586805555554,151.0,138.0,146.68655954861111,1.1446996970016152
98,0.0980980980980981,135.0,150.625,137.37239583333334,146.34628697916668,0.7418589875621124
99,0.0990990990990991,135.74739583333334,152.0,138.25173611111111,147.55207170138888,1.7951225183274624
100,0.1001001001001001,135.5,152.0,138.5,147.51739999999998,0.3504848882290535
101,0.1011011011011011,136.0,152.0,138.0,147.5876,0.7071067811865476
102,0.1021021021021021,134.87760416666666,151.5,138.37326388888889,147.0183282986111,1.284172238226829
103,0.1031031031031031,134.0,151.0,137.5,146.4111,1.3352074344415619
104,0.1041041041041041,134.5,151.5,137.5,146.875,0.7071067811865476
105,0.10510510510510511,133.12586805555554,150.5,137.0,145.8315595486111,1.7715074373941264
106,0.1061061061061061,133.0,150.75173611111111,136.5,145.94874166666665,0.5737715896126964
107,0.10710710710710711,132.74739583333334,150.0,136.74739583333334,145.37525833333333,0.830735062529876
108,0.10810810810810811,131.5,149.5,135.87413194444446,144.6894123263889,1.602680936635463
109,0.1091091091091091,132.0,150.0,136.0,145.1624,0.7182219485711455
110,0.11011011011011011,130.75173611111111,149.0,135.5,144.1457190972222,1.6757573620020305
111,0.1111111111111111,130.0,149.12586805555554,135.0,144.0398208333333,0.9115645606087343
112,0.11211211211211211,129.5,148.5,134.0,143.4137,1.2812926375207485
113,0.11311311311311312,129.0,148.0,134.0,142.9498,0.7071067811865476
114,0.11411411411411411,128.5,147.24739583333334,133.5,142.2691375,1.03267276118043
115,0.11511511511511512,127.74739583333333,147.5,133.0,142.25369635416666,0.9382014158491722
116,0.11611611611611612,127.5,147.5,133.37847222222223,142.22842569444444,0.45215696538317757
117,0.11711711711711711,127.0,147.0,132.5,141.70109999999997,1.127702729098436
118,0.11811811811811812,125.75173611111111,146.5,131.5,141.00591909722223,1.6757573620020305
119,0.11911911911911911,126.0,145.74739583333334,131.0,140.4843375,0.9370421496444258
120,0.12012012012012012,125.37413194444444,145.0,130.5,139.78064045138888,1.0955872190971085
121,0.12112112112112113,124.0,145.0,130.5,139.4885,1.3741319444444429
122,0.12212212212212212,123.5,144.5,129.75173611111111,138.97057534722222,1.0295138888888866
123,0.12312312312312312,122.74739583333333,144.0,129.0,138.39869635416665,1.1753808797289909
124,0.12412412412412413,122.5,143.37847222222223,128.5,137.86548333333334,0.8351655386209772
125,0.12512512512512514,122.0,142.5,128.0,137.0948,1.127702729098436
126,0.12612612612612611,120.75173611111111,141.5,127.0,136.0420190972222,1.8863092896722968
127,0.12712712712712712,120.0,141.0,127.0,135.5246,0.9028328642381499
128,0.12812812812812813,119.37413194444444,141.5,126.5,135.71304045138888,0.9443044122341556
129,0.12912912912912913,118.0,140.87413194444446,126.0,134.93717916666668,1.5905814734579118
130,0.13013013013013014,117.5,139.75173611111111,125.24739583333333,133.97380364583333,1.4408974420020613
131,0.13113113113113112,116.62586805555556,139.0,124.25173611111111,133.17843489583333,1.5233358524968488
132,0.13213213213213212,115.5,138.5,123.5,132.5272,1.4431514332421642
133,0.13313313313313313,115.0,138.0,123.0,132.0272,0.8660254037844386
134,0.13413413413413414,114.75173611111111,138.24739583333334,123.37326388888889,132.17830625000002,0.5120210812314143
135,0.13513513513513514,114.0,137.25173611111111,122.37760416666667,131.2345046875,1.5961778552716874
136,0.13613613613613615,113.37413194444444,136.5,121.5,130.50044045138887,1.314156412708951
137,0.13713713713713713,112.0,136.0,121.0,129.81459999999998,1.5453927011419026
138,0.13813813813813813,111.5,135.5,120.5,129.31459999999998,0.8660254037844386
139,0.13913913913913914,110.74739583333333,134.74739583333334,119.74739583333333,128.56199583333333,1.3035486546547017
140,0.14014014014014015,109.5,133.74826388888889,119.0,127.52825833333333,1.7643303372981862
141,0.14114114114114115,109.0,133.0,118.12239583333333,126.82343697916666,1.2570154815139793
142,0.14214214214214213,108.0,132.5,117.5,126.20830000000001,1.279600161515576
143,0.14314314314314314,107.0,132.0,117.0,125.60199999999999,1.224744871391589
144,0.14414414414414414,106.5,131.0,116.5,124.7444,1.224744871391589
145,0.14514514514514515,105.5,130.0,116.0,123.78049999999999,1.5
146,0.14614614614614616,104.5,129.5,115.24739583333333,123.15596197916666,1.3477436817451733
147,0.14714714714714713,104.0,129.0,114.25173611111111,122.62017534722222,1.221203620390808
148,0.14814814814814814,103.0,128.5,113.5,121.9957,1.3472591364501714
149,0.14914914914914915,102.0,127.5,113.0,121.0318,1.5
150,0.15015015015015015,101.37326388888889,126.5,112.5,120.14725590277777,1.2817168770717982
151,0.15115115115115116,100.25173611111111,126.0,112.0,119.51511909722221,1.3258297614426773
152,0.15215215215215216,99.5,125.5,111.5,118.9616,1.0320402999633598
153,0.15315315315315314,99.0,124.62586805555556,110.5,118.15792083333332,1.4191922548753648
154,0.15415415415415415,97.75173611111111,123.75173611111111,109.75173611111111,117.2133361111111,1.6976949784980062
155,0.15515515515515516,97.0,123.0,109.0,116.4616,1.3020451383286928
156,0.15615615615615616,96.37847222222223,122.5,108.5,115.93576319444443,0.9414333638390849
157,0.15715715715715717,95.0,122.0,108.0,115.249,1.5492532612320973
158,0.15815815815815815,94.5,121.0,107.5,114.39139999999999,1.224744871391589
159,0.15915915915915915,93.44357638888889,119.82204861111111,106.44357638888889,113.24805972222221,1.902532829364936
160,0.16016016016016016,92.14930555555556,119.14930555555556,105.64930555555556,112.43440555555556,1.6608992641035147
161,0.16116116116116116,91.62673611111111,118.62673611111111,104.75260416666667,111.88482378472223,1.1619944188201612
162,0.16216216216216217,90.86024305555556,117.86024305555556,104.11284722222223,111.12748107638889,1.2586946239635246
163,0.16316316316316315,89.60069444444444,116.85243055555556,103.60069444444444,110.1019361111111,1.6924683768666666
164,0.16416416416416416,88.94010416666667,116.34722222222223,103.14409722222223,109.56720329861112,0.9487338923560151
165,0.16516516516516516,84.59895833333333,122.10503472222223,104.05902777777777,112.82832118055555,7.2687722383434785
166,0.16616616616616617,83.61371527777777,121.6328125,103.32986111111111,112.22847934027777,1.3135378690615336
167,0.16716716716716717,83.7265625,119.76388888888889,102.10503472222223,110.82738402777777,2.2373666759497577
168,0.16816816816816818,82.69878472222223,118.79427083333333,101.40017361111111,109.86451666666666,1.5790235970719209
169,0.16916916916916916,81.28472222222223,119.11805555555556,101.15104166666667,109.7774704861111,1.471895385546624
170,0.17017017017017017,81.25086805555556,117.71180555555556,100.4375,108.71300538194444,1.5772846531841187
171,0.17117117117117117,79.77256944444444,117.55121527777777,100.09548611111111,108.25917152777778,1.5258209335052046
172,0.17217217217217218,78.54861111111111,117.86892361111111,99.86545138888889,108.20957447916666,1.285273729690842
173,0.17317317317317318,78.12934027777777,116.81857638888889,98.890625,107.29884670138888,1.493085331582938
174,0.17417417417417416,80.1875,108.90190972222223,96.00520833333333,101.86608437499999,8.673826254518051
175,0.17517517517517517,79.53125,108.17881944444444,95.17881944444444,101.14974618055555,1.2792350089001483
176,0.17617617617617617,79.02777777777777,107.28559027777777,94.65972222222223,100.36639166666666,1.1492626109172108
177,0.17717717717717718,77.77430555555556,106.51996527777777,94.14583333333333,99.51522569444444,1.5561028380641058
178,0.1781781781781782,77.02256944444444,105.63368055555556,93.63368055555556,98.68455833333334,1.2700032509322394
179,0.17917917917917917,75.94010416666667,105.12152777777777,92.86892361111111,98.03291909722222,1.4208746353763975
180,0.18018018018018017,74.7890625,104.61284722222223,92.11284722222223,97.36981059027778,1.4680954777664639
181,0.18118118118118118,74.14930555555556,103.60243055555556,91.10243055555556,96.43819618055555,1.5656221218801376
182,0.18218218218218218,73.3828125,102.84722222222223,90.59548611111111,95.69851336805556,1.1894721100993009
183,0.1831831831831832,72.25086805555556,101.76736111111111,90.08854166666667,94.6489439236111,1.6445032424266768
184,0.1841841841841842,71.6171875,101.40885416666667,89.58246527777777,94.22128055555557,0.8866744538413855
185,0.18518518518518517,70.73524305555556,100.95225694444444,89.078125,93.67080746527779,1.1138519390908432
186,0.18618618618618618,69.6015625,99.49392361111111,87.98958333333333,92.30819427083333,2.144036070877845
187,0.1871871871871872,69.09548611111111,98.71701388888889,86.96875,91.57125243055556,1.3790586362873298
188,0.1881881881881882,68.08854166666667,98.19791666666667,86.19791666666667,90.93026354166666,1.3702492722472495
189,0.1891891891891892,67.08246527777777,97.68315972222223,85.68315972222223,90.31105208333332,1.2418289431267446
190,0.19019019019019018,66.578125,96.91927083333333,85.171875,89.62058125,1.0484738516218415
191,0.19119119119119118,65.37586805555556,95.59288194444444,84.65885416666667,88.37930798611112,1.862235114175115
192,0.1921921921921922,64.22569444444444,94.98003472222223,84.05295138888889,87.6527265625,1.437219269840445
193,0.1931931931931932,63.705729166666664,94.63975694444444,83.18315972222223,87.23601631944445,1.06896697776249
194,0.1941941941941942,62.75,93.67795138888889,82.42361111111111,86.29010555555554,1.5541564462291797
195,0.19519519519519518,61.7265625,92.77690972222223,81.66232638888889,85.3731329861111,1.561683332101823
196,0.1961961961961962,61.209201388888886,91.75607638888889,80.84114583333333,84.47375277777776,1.4085811011642615
197,0.1971971971971972,60.19618055555556,91.24131944444444,80.30555555555556,83.85156076388888,1.2562017617688654
198,0.1981981981981982,59.18315972222222,90.72309027777777,79.65364583333333,83.21848715277777,1.3113958074811976
199,0.1991991991991992,58.671875,89.95746527777777,79.01128472222223,82.51583454861111,1.1225958778076557
200,0.2002002002002002,57.537326388888886,88.75607638888889,78.24826388888889,81.36030607638888,1.8200924716674531
201,0.2012012012012012,56.65190972222222,87.84635416666667,76.94357638888889,80.42723472222221,1.8203754194869477
202,0.2022022022022022,56.018229166666664,87.32118055555556,76.55555555555556,79.88889496527779,0.9099002887115589
203,0.2032032032032032,54.603298611111114,86.80121527777777,75.91232638888889,79.16976041666666,1.6389436012230463
204,0.2042042042042042,53.81336805555556,85.78211805555556,75.3671875,78.23360381944444,1.399902081975862
205,0.20520520520520522,53.28819444444444,84.5859375,74.83940972222223,77.22833802083332,1.408972897543715
206,0.2062062062062062,52.04600694444444,83.92100694444444,73.94791666666667,76.42432482638888,1.6673098983006895
207,0.2072072072072072,51.2734375,83.39149305555556,73.05989583333333,75.817253125,1.2906701768652868
208,0.2082082082082082,50.287326388888886,84.14409722222223,74.3671875,76.24025486111111,1.8021763667513109
209,0.2092092092092092,49.60069444444444,81.63107638888889,76.95833333333333,74.48404513888889,3.674339922421391
210,0.21021021021021022,43.83159722222222,71.07986111111111,64.27951388888889,64.7958951388889,17.474641315411475
211,0.21121121121121122,37.51909722222222,65.62152777777777,58.650173611111114,59.14361927083333,10.066306720480407
212,0.2122122122122122,36.70659722222222,65.27777777777777,58.29253472222222,58.699210243055546,0.9519589735622443
213,0.2132132132132132,36.3828125,64.84722222222223,57.89930555555556,58.29404913194445,0.6669661237886243
214,0.21421421421421422,36.11631944444444,64.11284722222223,57.587673611111114,57.68966788194445,0.8410943217514678
215,0.21521521521521522,35.223958333333336,63.721354166666664,56.85069444444444,57.16674618055555,1.2217665314094928
216,0.21621621621621623,35.11284722222222,63.575520833333336,56.611111111111114,57.02152604166666,0.3016839633367424
217,0.2172172172172172,34.240451388888886,63.557291666666664,56.59461805555556,56.82182638888889,0.8727421230903692
218,0.2182182182182182,33.67881944444444,63.104166666666664,56.359375,56.36136388888888,0.7590072475494294
219,0.21921921921921922,33.51649305555556,62.47569444444444,56.376736111111114,55.878623437499996,0.649329345412369
220,0.22022022022022023,32.9921875,62.21006944444444,55.654513888888886,55.525036631944445,0.9311594355871798
221,0.22122122122122123,32.50347222222222,62.190104166666664,55.404513888888886,55.38880659722222,0.5493097805884719
222,0.2222222222222222,32.239583333333336,61.884548611111114,55.260416666666664,55.10376666666666,0.4286788455965978
223,0.22322322322322322,31.671875,61.40972222222222,55.123263888888886,54.6335736111111,0.7527042817558172
224,0.22422422422422422,31.24565972222222,61.06163194444444,54.763888888888886,54.26805920138889,0.6572493401439061
225,0.22522522522522523,31.02951388888889,61.05815972222222,54.61805555555556,54.20909409722222,0.26076510254562596
226,0.22622622622622623,30.53732638888889,60.9296875,54.69444444444444,54.01808697916667,0.5143820655744564
227,0.22722722722722724,35.205729166666664,65.13020833333333,59.12586805555556,58.33475069444444,7.686083201992003
228,0.22822822822822822,36.990451388888886,66.28385416666667,60.16753472222222,59.614478472222224,2.3666857762925875
229,0.22922922922922923,36.739583333333336,66.63628472222223,60.60850694444444,59.84504045138889,0.6177366579368797
230,0.23023023023023023,36.57378472222222,66.23611111111111,60.592013888888886,59.522396701388885,0.4334744737094014
231,0.23123123123123124,35.08680555555556,65.23524305555556,59.482638888888886,58.41034722222222,2.1079745722748293
232,0.23223223223223224,34.69097222222222,65.046875,58.96788194444444,58.15430677083333,0.6761222256259147
233,0.23323323323323322,34.068576388888886,64.10416666666667,58.63975694444444,57.324069791666666,1.1763254612188752
234,0.23423423423423423,33.592013888888886,63.854166666666664,58.26215277777778,57.016689583333324,0.6574167042981792
235,0.23523523523523523,32.787326388888886,63.986111111111114,58.12413194444444,56.93001458333333,0.8270314743164452
236,0.23623623623623624,32.36805555555556,63.484375,57.95225694444444,56.4696265625,0.6760681714900711
237,0.23723723723723725,31.94097222222222,63.421875,57.41840277777778,56.295584375,0.6865178037592847
238,0.23823823823823823,38.53038194444444,68.48003472222223,63.470486111111114,61.75104913194444,10.277792220921725
239,0.23923923923923923,64.57291666666667,90.54947916666667,86.22743055555556,84.71481006944444,41.02624176416969
240,0.24024024024024024,71.44704861111111,96.39149305555556,92.41579861111111,90.80125902777777,10.939776755428909
241,0.24124124124124124,75.64583333333333,100.015625,96.09722222222223,94.55169861111109,6.657101869338919
242,0.24224224224224225,70.90972222222223,95.87760416666667,91.9296875,90.28439288194446,7.544687570391407
243,0.24324324324324326,55.771701388888886,83.46006944444444,78.81857638888889,77.23840659722222,23.563872302657096
244,0.24424424424424424,52.927951388888886,81.05381944444444,76.44618055555556,74.74158836805556,4.416470889184864
245,0.24524524524524524,51.78819444444444,80.09895833333333,75.51388888888889,73.74904791666665,1.7549852949975977
246,0.24624624624624625,49.973958333333336,78.53993055555556,73.94097222222223,72.13476006944444,2.862880912476102
247,0.24724724724724725,49.190104166666664,77.9609375,73.42708333333333,71.51691406249999,1.1016996428726527
248,0.24824824824824826,45.009548611111114,74.26041666666667,69.64149305555556,67.70819583333333,6.745486857316227
249,0.24924924924924924,43.661458333333336,73.37934027777777,68.50520833333333,66.70940625,1.9709860400449617
250,0.2502502502502503,46.982638888888886,76.04427083333333,71.39236111111111,69.5299,5.144681361441533
251,0.25125125125125125,51.345486111111114,79.77170138888889,75.25086805555556,73.40188385416666,6.914929520339843
252,0.25225225225225223,52.19618055555556,80.48871527777777,76.03038194444444,74.15183072916666,1.3584667304129596
253,0.25325325325325326,53.17274305555556,81.21180555555556,76.75607638888889,74.92899722222221,1.4153325732563826
254,0.25425425425425424,47.083333333333336,76.18142361111111,71.53298611111111,69.65955243055556,9.4692304503536
255,0.2552552552552553,45.87152777777778,74.96006944444444,70.29513888888889,68.4390375,2.119538735308378
256,0.25625625625625625,45.174479166666664,74.875,70.171875,68.22110364583334,0.7129569152017751
257,0.25725725725725723,45.670138888888886,74.58680555555556,69.96267361111111,68.10525989583333,0.6103276326327439
258,0.25825825825825827,45.69878472222222,74.74305555555556,70.32465277777777,68.24923489583333,0.3953018636030557
259,0.25925925925925924,47.71180555555556,76.39583333333333,71.82118055555556,69.96731909722222,3.003917883000563
260,0.2602602602602603,48.506076388888886,76.96961805555556,72.69791666666667,70.60985225694445,1.3148236659970418
261,0.26126126126126126,49.552951388888886,78.109375,73.72482638888889,71.72171493055555,1.857292851337354
262,0.26226226226226224,51.290798611111114,79.28211805555556,74.92881944444444,73.01685538194444,2.4176514471621644
263,0.26326326326326327,54.036458333333336,81.75086805555556,77.40017361111111,75.54466440972223,4.443080608072975
264,0.26426426426426425,62.497395833333336,88.70920138888889,84.62847222222223,82.84194288194445,13.124563496287212
265,0.2652652652652653,69.74045138888889,94.87326388888889,91.11111111111111,89.25840052083333,11.510088064324481
266,0.26626626626626626,65.16145833333333,90.96440972222223,86.86458333333333,85.18269479166666,7.367449793960706
267,0.2672672672672673,57.986111111111114,84.74739583333333,80.76215277777777,78.77021215277776,11.286121040440229
268,0.2682682682682683,29.58246527777778,60.76128472222222,55.643229166666664,53.76314409722222,44.867147739084515
269,0.26926926926926925,19.48090277777778,52.185763888888886,47.029513888888886,44.86042916666666,15.804341599413835
270,0.2702702702702703,19.5859375,52.08940972222222,46.911458333333336,44.8053234375,0.1850770988098098
271,0.27127127127127126,19.23263888888889,52.0703125,46.723958333333336,44.703016319444444,0.40042585145023385
272,0.2722722722722723,19.497395833333332,51.86024305555556,46.73871527777778,44.61012743055556,0.3382945144841859
273,0.2732732732732733,19.182291666666668,52.005208333333336,46.58940972222222,44.63603559027778,0.37762112829082406
274,0.27427427427427425,19.430555555555557,51.640625,46.651041666666664,44.432516319444446,0.4453700282312269
275,0.2752752752752753,19.135416666666668,51.8046875,46.37152777777778,44.466926388888886,0.4383508659996082
276,0.27627627627627627,19.243055555555557,51.435763888888886,46.44878472222222,44.23153420138888,0.3919941284016778
277,0.2772772772772773,19.07204861111111,51.39756944444444,46.30381944444444,44.157394965277774,0.22741398900646836
278,0.2782782782782783,19.010416666666668,51.33940972222222,46.212673611111114,44.09611545138889,0.12445325547769236
279,0.27927927927927926,18.811631944444443,50.92534722222222,46.05121527777778,43.746059027777775,0.48685923334984177
280,0.2802802802802803,18.02170138888889,50.47569444444444,45.181423611111114,43.19372916666666,1.2580601919488397
281,0.28128128128128127,17.981770833333332,50.209201388888886,45.29253472222222,43.00266631944444,0.2914767176613897
282,0.2822822822822823,17.961805555555557,50.138888888888886,44.9765625,42.92532100694444,0.32431605755657955
283,0.2832832832832833,17.932291666666668,50.13975694444444,45.15711805555556,42.9327032986111,0.18295390621620822
284,0.28428428428428426,17.76996527777778,49.90538194444444,44.7109375,42.698353472222216,0.5294889850701076
285,0.2852852852852853,17.885416666666668,50.068576388888886,44.751736111111114,42.84256076388888,0.2040244508937589
286,0.2862862862862863,17.64409722222222,49.705729166666664,44.63368055555556,42.52322430555555,0.45147568609936195
287,0.2872872872872873,17.81857638888889,49.82725694444444,44.541666666666664,42.64059184027777,0.23168628815870287
288,0.2882882882882883,18.29079861111111,50.204861111111114,45.2578125,43.06275451388889,0.9372532146891908
289,0.28928928928928926,18.717881944444443,50.38194444444444,45.18315972222222,43.274812499999996,0.4683286429266218
290,0.2902902902902903,18.424479166666668,50.32465277777778,45.36805555555556,43.18480954861111,0.35150248115936145
291,0.2912912912912913,18.40277777777778,49.98784722222222,44.94965277777778,42.90910381944444,0.5375591288267324
292,0.2922922922922923,18.116319444444443,50.14149305555556,45.07378472222222,42.96705260416667,0.34795712159455205
293,0.2932932932932933,19.29340277777778,50.79774305555556,45.856770833333336,43.74318211805556,1.558607226437765
294,0.29429429429429427,19.74392361111111,51.32465277777778,46.36805555555556,44.252723437499995,0.8614028928541584
295,0.2952952952952953,19.78559027777778,51.328125,46.41319444444444,44.26732413194444,0.0615279345370448
296,0.2962962962962963,19.76909722222222,51.14149305555556,46.244791666666664,44.1181798611111,0.25191863593617714
297,0.2972972972972973,19.797743055555557,51.33680555555556,46.392361111111114,44.274611979166664,0.246463582212981
298,0.2982982982982983,19.817708333333332,51.028645833333336,46.12413194444444,44.03909461805556,0.4090328991261184
299,0.2992992992992993,28.37326388888889,58.598958333333336,53.85503472222222,51.83046440972222,13.793984919931804
300,0.3003003003003003,54.506076388888886,80.34114583333333,76.51128472222223,74.5720940972222,40.85281227171286
301,0.3013013013013013,62.64756944444444,87.44618055555556,83.81770833333333,81.91202013888888,13.0441271675281
302,0.3023023023023023,68.09288194444444,91.92361111111111,88.4765625,86.60832118055555,8.45007306174013
303,0.3033033033033033,63.314236111111114,87.90364583333333,84.34288194444444,82.4188501736111,7.488851164921834
304,0.30430430430430433,49.29774305555556,75.88802083333333,71.90364583333333,69.94725590277777,22.26144462394642
305,0.3053053053053053,45.81163194444444,72.91927083333333,68.86371527777777,66.86337569444444,5.496146379429199
306,0.3063063063063063,43.947048611111114,71.19965277777777,67.15798611111111,65.11394079861111,3.0566761774768407
307,0.3073073073073073,42.455729166666664,70.04079861111111,65.83420138888889,63.87249652777778,2.3063786887169586
308,0.3083083083083083,40.872395833333336,68.48003472222223,64.42361111111111,62.31777690972222,2.6330008152420232
309,0.30930930930930933,39.75,67.70399305555556,63.41319444444444,61.451178472222225,1.697926651938948
310,0.3103103103103103,39.60590277777778,67.20746527777777,63.165798611111114,61.04756475694443,0.5731566469193203
311,0.3113113113113113,39.451388888888886,67.4375,63.14409722222222,61.177669097222214,0.27795946748965744
312,0.3123123123123123,47.81684027777778,74.125,70.31336805555556,68.25668541666666,12.888051732963643
313,0.3133133133133133,47.959201388888886,74.4921875,70.62934027777777,68.57237708333334,0.5049077057533222
314,0.31431431431431434,47.98090277777778,74.34809027777777,70.43402777777777,68.45983090277777,0.24368408316531318
315,0.3153153153153153,44.1796875,71.01215277777777,67.16319444444444,65.02967586805555,6.022961670670158
316,0.3163163163163163,37.36371527777778,65.29079861111111,60.93836805555556,59.03925520833334,10.860010792183694
317,0.3173173173173173,37.044270833333336,64.76302083333333,60.65625,58.57350572916666,0.6783691716705034
318,0.3183183183183183,37.14409722222222,65.046875,60.732638888888886,58.803256597222216,0.3104412314727283
319,0.31931931931931934,37.42100694444444,65.07986111111111,60.8671875,58.89543368055555,0.30962946652305634
320,0.3203203203203203,39.966145833333336,67.3125,63.244791666666664,61.2049765625,4.137077464257137
321,0.3213213213213213,41.69965277777778,68.69791666666667,64.44097222222223,62.650734375,2.520966796331145
322,0.32232232232232233,43.106770833333336,69.88454861111111,66.23611111111111,63.92817586805556,2.5711087538740314
323,0.3233233233233233,45.973958333333336,72.53559027777777,68.60069444444444,66.60448784722222,4.565089311156655
324,0.32432432432432434,49.55034722222222,75.51996527777777,72.31770833333333,69.76762152777778,5.95929894160259
325,0.3253253253253253,57.395833333333336,82.38715277777777,79.28038194444444,76.84968940972222,12.537493381639598
326,0.3263263263263263,66.48090277777777,90.42361111111111,87.84027777777777,85.14687465277777,14.845705305956269
327,0.32732732732732733,61.901041666666664,86.51215277777777,83.97482638888889,81.09663559027778,7.156559825106874
328,0.3283283283283283,54.69618055555556,80.5546875,77.82725694444444,74.86024843749999,11.189013640200637
329,0.32932932932932935,34.537326388888886,63.11284722222222,60.318576388888886,56.83594513888889,31.892806216840416
330,0.3303303303303303,22.26128472222222,53.17621527777778,49.87065972222222,46.365039930555554,18.93665271569136
331,0.33133133133133136,22.7890625,53.68836805555556,50.911458333333336,46.918682812499995,1.2744063713715377
332,0.33233233233233234,23.234375,54.38975694444444,51.74565972222222,47.575218923611104,1.177345129236615
333,0.3333333333333333,23.52777777777778,54.986111111111114,52.70659722222222,48.13348854166667,1.1683853649437186
334,0.33433433433433435,24.047743055555557,55.46961805555556,53.756076388888886,48.66560972222222,1.267102749064921
335,0.3353353353353353,24.446180555555557,56.365451388888886,54.657986111111114,49.45613541666666,1.3321827763322607
336,0.33633633633633636,24.104166666666668,55.846354166666664,54.85590277777778,49.026454513888886,0.652385187796421
337,0.33733733733733734,23.65017361111111,55.6484375,54.513888888888886,48.7636921875,0.601875569889673
338,0.3383383383383383,23.7734375,55.56163194444444,55.05034722222222,48.7665470486111,0.5572402840625412
339,0.33933933933933935,23.4296875,55.567708333333336,54.953125,48.6907921875,0.35728580365829826
340,0.34034034034034033,23.27170138888889,55.21961805555556,54.90277777777778,48.40461510416667,0.3855662012844448
341,0.34134134134134136,21.342881944444443,53.642361111111114,53.415798611111114,46.75913402777778,2.9015842155908365
342,0.34234234234234234,21.493055555555557,53.74131944444444,53.368923611111114,46.858451562499994,0.18585513400297113
343,0.3433433433433433,21.114583333333332,53.40711805555556,53.306423611111114,46.53445503472222,0.5087612812794322
344,0.34434434434434436,21.15972222222222,53.4375,53.098958333333336,46.55080173611111,0.21448175521885196
345,0.34534534534534533,20.932291666666668,53.22743055555556,53.126736111111114,46.35421388888889,0.31084631898701365
346,0.34634634634634637,20.84722222222222,52.98350694444444,52.76475694444444,46.135539062499994,0.44470715705537134
347,0.34734734734734735,20.774305555555557,53.0390625,52.708333333333336,46.15569652777778,0.10764238905599172
348,0.3483483483483483,20.969618055555557,52.837673611111114,52.66753472222222,46.05024097222223,0.28349423961122366
349,0.34934934934934936,23.98090277777778,55.533854166666664,55.38715277777778,48.8151048611111,4.871708902895224
350,0.35035035035035034,24.705729166666668,56.01215277777778,56.065104166666664,49.36023020833333,1.1017081923617058
351,0.35135135135135137,25.125,56.56944444444444,56.5,49.87934166666666,0.8218858918796647
352,0.35235235235235235,27.37934027777778,61.10503472222222,62.493923611111114,54.03522986111111,7.84734028265111
353,0.3533533533533533,29.27690972222222,64.54947916666667,67.4375,57.259046006944445,6.31695455422414
354,0.35435435435435436,30.032118055555557,66.48090277777777,70.56510416666667,59.026770486111104,3.7526849875314983
355,0.35535535535535534,30.68142361111111,67.13368055555556,71.95399305555556,59.73195729166666,1.6663519668169788
356,0.3563563563563564,30.93923611111111,68.25868055555556,73.55034722222223,60.706625,1.9698829687548174
357,0.35735735735735735,31.41579861111111,68.71701388888889,74.41232638888889,61.19797708333333,1.0863651985488283
358,0.35835835835835833,31.30902777777778,69.10243055555556,74.59288194444444,61.46396371527778,0.4388010100684799
359,0.35935935935935936,30.11545138888889,66.58246527777777,70.9375,59.14401163194444,4.597463078382376
360,0.36036036036036034,33.901041666666664,68.76475694444444,72.74479166666667,61.64008958333332,4.728572071779302
361,0.3613613613613614,51.21788194444444,82.87934027777777,86.8828125,76.43716493055555,26.43819307296633
362,0.36236236236236236,55.85590277777778,86.28732638888889,89.95138888888889,80.08215104166666,6.522405050164139
363,0.3633633633633634,58.802083333333336,88.48784722222223,92.07725694444444,82.43580920138888,4.247538910180728
364,0.36436436436436437,55.643229166666664,85.63888888888889,89.11111111111111,79.51250607638887,5.185840754972867
365,0.36536536536536535,46.869791666666664,77.85069444444444,81.27777777777777,71.51158993055554,14.106391791737275
366,0.3663663663663664,44.466145833333336,76.01736111111111,79.48524305555556,69.55995381944444,3.5145134988478897
367,0.36736736736736736,43.018229166666664,74.76128472222223,78.54947916666667,68.28621874999999,2.1330364797826875
368,0.3683683683683684,42.1171875,74.43836805555556,78.69965277777777,67.87454982638889,0.9688670559755359
369,0.36936936936936937,40.9375,73.92274305555556,78.67100694444444,67.25290503472223,1.2877702908704685
370,0.37037037037037035,40.518229166666664,74.21614583333333,80.10069444444444,67.47683315972222,1.5185122881781339
371,0.3713713713713714,40.279513888888886,74.91840277777777,81.39496527777777,68.02178281249999,1.491739518107071
372,0.37237237237237236,40.606770833333336,74.56684027777777,81.33767361111111,67.83578368055555,0.4837102791576908
373,0.3733733733733734,52.189236111111114,84.64322916666667,91.58072916666667,78.24439774305556,18.455549356907508
374,0.3743743743743744,52.23871527777778,84.06076388888889,90.96875,77.79415295138888,0.8463051980135855
375,0.37537537537537535,51.62413194444444,83.28559027777777,90.06684027777777,77.0439704861111,1.3386739513463077
376,0.3763763763763764,45.51128472222222,77.54253472222223,83.86892361111111,71.18945624999999,10.428986493584679
377,0.37737737737737737,35.42100694444444,68.38194444444444,74.56770833333333,61.82106128472222,16.499779559545633
378,0.3783783783783784,34.68055555555556,67.24652777777777,72.68663194444444,60.71577760416666,2.318596050865089
379,0.3793793793793794,34.26215277777778,66.55295138888889,72.21961805555556,60.0970609375,0.9349925476127756
380,0.38038038038038036,34.442708333333336,66.63368055555556,72.09461805555556,60.184159548611106,0.2339711670113886
381,0.3813813813813814,37.1796875,69.10416666666667,74.95486111111111,62.739442534722215,4.66640621043797
382,0.38238238238238237,38.661458333333336,70.54861111111111,76.93576388888889,64.23055486111112,2.864618712954915
383,0.3833833833833834,39.40711805555556,71.08333333333333,77.47395833333333,64.81037309027776,1.0637619735230461
384,0.3843843843843844,40.80381944444444,72.04427083333333,78.8984375,65.8974217013889,2.214343366530531
385,0.38538538538538536,43.27256944444444,75.32725694444444,83.93229166666667,69.13371388888888,6.497107982750163
386,0.3863863863863864,47.85243055555556,80.35763888888889,91.34288194444444,74.24016614583333,10.059657974760126
387,0.38738738738738737,53.854166666666664,85.27256944444444,96.0703125,79.37261406249999,9.08438101198695
388,0.3883883883883884,49.77690972222222,81.30208333333333,91.44965277777777,75.3324859375,7.330708043437107
389,0.3893893893893894,43.99565972222222,75.60677083333333,85.12152777777777,69.5732140625,10.290996164161236
390,0.39039039039039036,25.25607638888889,59.170138888888886,67.42100694444444,52.555721874999996,30.571936329832674
391,0.3913913913913914,16.366319444444443,50.197916666666664,57.545138888888886,43.53578854166666,16.033131945661122
392,0.3923923923923924,16.276041666666668,48.5859375,53.35503472222222,42.061182465277774,4.490389720107286
393,0.3933933933933934,16.20138888888889,45.993923611111114,47.18055555555556,39.74570555555556,6.696887487260294
394,0.3943943943943944,15.872395833333334,45.46180555555556,45.44184027777778,39.16965555555555,1.8478411384179825
395,0.3953953953953954,15.983506944444445,45.36024305555556,45.29340277777778,39.109923090277775,0.2114102926180407
396,0.3963963963963964,15.7890625,45.154513888888886,45.158854166666664,38.91173229166666,0.3134269623765665
397,0.3973973973973974,15.89236111111111,45.190104166666664,45.0390625,38.95049878472222,0.16213363109657766
398,0.3983983983983984,15.70920138888889,44.920138888888886,45.026041666666664,38.71753975694445,0.3264939159476773
399,0.3993993993993994,15.661458333333334,44.861979166666664,44.721354166666664,38.64379531249999,0.31384140150559614
400,0.4004004004004004,15.612847222222221,44.713541666666664,44.85850694444444,38.53720052083333,0.20786441730577082
401,0.4014014014014014,15.424479166666666,44.50347222222222,44.486111111111114,38.32002482638888,0.46721553112776754
402,0.4024024024024024,19.41753472222222,47.869791666666664,47.951388888888886,41.82673315972222,6.267754729483141
403,0.4034034034034034,22.92361111111111,50.703125,50.83680555555556,44.80685208333333,5.352193827093685
404,0.4044044044044044,23.028645833333332,50.822916666666664,50.854166666666664,44.916110937499994,0.1602614877445253
405,0.40540540540540543,19.895833333333332,48.088541666666664,48.1640625,42.10022447916667,4.952573192624072
406,0.4064064064064064,20.252604166666668,48.267361111111114,48.247395833333336,42.30998229166667,0.40768402675752374
407,0.4074074074074074,23.04079861111111,50.888020833333336,50.96875,44.973530034722216,4.695492960291041
408,0.4084084084084084,22.19184027777778,49.74305555555556,49.638020833333336,43.87808368055556,1.9500040651419703
409,0.4094094094094094,19.94878472222222,48.16840277777778,48.03559027777778,42.15932291666666,3.1746831780903766
410,0.41041041041041043,19.469618055555557,47.220486111111114,47.072916666666664,41.309997048611116,1.4334877686672443
411,0.4114114114114114,20.594618055555557,48.450520833333336,48.26996527777778,42.51531979166666,2.0522026691424373
412,0.4124124124124124,22.60763888888889,49.92534722222222,49.89930555555556,44.11572222222222,2.9802878205948535
413,0.4134134134134134,15.986979166666666,44.096354166666664,44.067708333333336,38.1182328125,10.574394609688088
414,0.4144144144144144,14.76736111111111,43.1484375,43.013020833333336,37.10484357638889,1.8703956616282567
415,0.41541541541541543,14.54079861111111,42.708333333333336,42.626736111111114,36.71402413194445,0.6278838511587217
416,0.4164164164164164,14.500868055555555,42.790798611111114,42.751736111111114,36.7735390625,0.15498377755733492
417,0.4174174174174174,14.46875,42.58159722222222,42.369791666666664,36.58951354166666,0.4366673210210389
418,0.4184184184184184,14.414930555555555,42.51649305555556,42.419270833333336,36.53508142361111,0.09789419314595586
419,0.4194194194194194,14.3515625,42.4453125,42.190104166666664,36.45415520833333,0.24819255239672883
420,0.42042042042042044,14.192708333333334,42.276041666666664,42.20399305555556,36.30032309027777,0.23255141908681368
421,0.4214214214214214,14.292534722222221,42.34809027777778,42.06597222222222,36.36311024305555,0.1849488056616328
422,0.42242242242242245,14.033854166666666,42.01128472222222,41.927083333333336,36.05720364583333,0.44681510217584125
423,0.42342342342342343,14.214409722222221,41.966145833333336,41.920138888888886,36.06280503472222,0.18624192127644212
424,0.4244244244244244,13.961805555555555,41.779513888888886,41.565104166666664,35.849988715277775,0.474014769482858
425,0.42542542542542544,14.1171875,41.6328125,41.520833333333336,35.77490572916666,0.2182309621600288
426,0.4264264264264264,13.805555555555555,41.661458333333336,41.3125,35.71409861111111,0.3759492390514515
427,0.42742742742742745,14.019097222222221,41.283854166666664,41.22222222222222,35.48291701388889,0.44309708557753213
428,0.42842842842842843,13.713541666666666,41.474826388888886,41.1796875,35.551468229166666,0.3628274931505041
429,0.4294294294294294,13.7265625,41.236979166666664,41.08680555555556,35.37742204861111,0.2556714665802616
430,0.43043043043043044,13.590277777777779,41.25,41.158854166666664,35.36296232638889,0.15470639926946175
431,0.4314314314314314,13.70920138888889,41.263888888888886,40.91059027777778,35.38025416666666,0.27562780164654566
432,0.43243243243243246,17.6328125,44.65972222222222,44.7734375,38.92201145833333,6.469002770229913
433,0.43343343343343343,19.24392361111111,46.125,45.75434027777778,40.383321527777774,2.3884907866364538
434,0.4344344344344344,18.405381944444443,45.04774305555556,45.01996527777778,39.38157152777777,1.5501423456298749
435,0.43543543543543545,22.53559027777778,48.57899305555556,48.28211805555556,43.02073125,6.337979818901241
436,0.4364364364364364,53.35503472222222,75.39670138888889,75.71701388888889,70.73376961805555,49.210782817404805
437,0.43743743743743746,47.14409722222222,69.80815972222223,69.80642361111111,64.9896546875,10.23438420329903
438,0.43843843843843844,39.39409722222222,62.744791666666664,62.12065972222222,57.73537170138888,13.000947459473533
439,0.4394394394394394,41.513020833333336,64.43836805555556,63.70225694444444,59.51129201388889,3.1399821700237656
440,0.44044044044044045,46.37413194444444,68.61805555555556,67.13715277777777,63.78207621527777,7.273149126621479
441,0.44144144144144143,36.85850694444444,60.06163194444444,58.20399305555556,54.99452604166667,15.606436069011336
442,0.44244244244244246,37.28125,60.24652777777778,57.86024305555556,55.19181996527778,0.5753800680458765
443,0.44344344344344344,45.23003472222222,67.3671875,64.98784722222223,62.48904045138888,12.833149052223906
444,0.4444444444444444,47.06336805555556,68.74565972222223,66.38541666666667,63.96559496527778,2.6859815953565573
445,0.44544544544544545,18.8046875,44.02777777777778,40.75868055555556,38.42931996527778,45.45609220191451
446,0.44644644644644643,16.140625,41.21961805555556,38.20225694444444,35.66997065972222,4.6387812740917
447,0.44744744744744747,16.994791666666668,42.32725694444444,38.873263888888886,36.692196527777774,1.5513590564779385
448,0.44844844844844844,17.49392361111111,42.3515625,39.46875,36.85868940972222,0.7773848252455106
449,0.4494494494494494,12.68142361111111,38.21006944444444,34.962673611111114,32.548217361111114,7.785682076845728
450,0.45045045045045046,11.905381944444445,37.51909722222222,34.403645833333336,31.848685763888888,1.1799132750387433
451,0.45145145145145144,11.891493055555555,37.349826388888886,34.2421875,31.71301319444444,0.23433802434668677
452,0.45245245245245247,11.824652777777779,37.484375,34.24131944444444,31.794969444444444,0.1502388265588751
453,0.45345345345345345,11.879340277777779,37.189236111111114,34.21961805555556,31.593945833333333,0.3009462355147888
454,0.4544544544544545,11.803819444444445,37.255208333333336,34.07899305555556,31.6149203125,0.17271688104322452
455,0.45545545545545546,11.863715277777779,37.169270833333336,34.20225694444444,31.575091319444446,0.16176140164129416
456,0.45645645645645644,11.727430555555555,37.025173611111114,33.924479166666664,31.42300329861111,0.3413180756867555
457,0.4574574574574575,11.8515625,37.146701388888886,33.890625,31.53386614583333,0.17698543726492408
458,0.45845845845845845,11.56857638888889,36.865451388888886,33.751736111111114,31.26252552083333,0.42246044198076005
459,0.4594594594594595,11.83767361111111,37.12847222222222,33.732638888888886,31.50646927083333,0.3767731116622883
460,0.46046046046046046,15.86111111111111,40.415798611111114,37.51909722222222,34.986330208333335,6.428983653234856
461,0.46146146146146144,17.578993055555557,41.82378472222222,38.75347222222222,36.447665451388886,2.5411070234752042
462,0.4624624624624625,15.979166666666666,40.71440972222222,37.80902777777778,35.24592847222222,2.163823623554434
463,0.46346346346346345,21.16579861111111,45.07725694444444,42.05121527777778,39.77520069444444,7.995732711686902
464,0.4644644644644645,52.66753472222222,73.30121527777777,71.03385416666667,68.75079131944443,51.27323433312504
465,0.46546546546546547,48.81163194444444,69.58072916666667,67.19791666666667,64.99318003472223,6.589720755733982
466,0.46646646646646645,40.294270833333336,62.19965277777778,59.69184027777778,57.36150451388889,13.541303914746033
467,0.4674674674674675,39.93663194444444,61.75694444444444,59.23784722222222,56.9360671875,0.7280150669739829
468,0.46846846846846846,41.8671875,63.434895833333336,60.942708333333336,58.66966510416667,3.0739416104961417
469,0.4694694694694695,35.09461805555556,57.486111111111114,54.87847222222222,52.53740815972222,10.86419330472682
470,0.47047047047047047,39.26996527777778,60.93836805555556,58.473958333333336,56.15373524305556,6.502239830379731
471,0.47147147147147145,47.01128472222222,68.09722222222223,65.68663194444444,63.44030729166667,12.774970854798571
472,0.4724724724724725,48.63194444444444,69.05034722222223,66.828125,64.54895034722222,2.199543497351205
473,0.47347347347347346,17.286458333333332,41.32725694444444,38.431423611111114,36.00710399305555,50.57155212035123
474,0.4744744744744745,13.339409722222221,37.565104166666664,34.60590277777778,32.201067187499994,6.66090053281706
475,0.4754754754754755,12.668402777777779,37.142361111111114,34.229166666666664,31.728864930555556,0.8780046172590645
476,0.47647647647647645,12.76736111111111,37.0234375,34.065104166666664,31.653003993055552,0.22550405965762216
477,0.4774774774774775,11.16579861111111,35.560763888888886,32.69184027777778,30.167257986111103,2.5671521658392793
478,0.47847847847847846,11.440972222222221,35.76128472222222,32.838541666666664,30.37976423611111,0.3707430624496597
479,0.4794794794794795,11.152777777777779,35.540798611111114,32.53472222222222,30.138866666666665,0.4732614687718307
480,0.4804804804804805,11.28732638888889,35.532986111111114,32.74913194444444,30.177364583333333,0.25325065230239596
481,0.48148148148148145,11.14236111111111,35.52256944444444,32.51128472222222,30.121922395833334,0.27873776174831394
482,0.4824824824824825,11.13888888888889,35.30381944444444,32.58940972222222,29.970374826388888,0.23230827460975317
483,0.48348348348348347,11.131944444444445,35.5078125,32.493923611111114,30.10790017361111,0.2253419389253969
484,0.4844844844844845,11.194444444444445,35.21961805555556,32.4296875,29.910433159722224,0.30180882322974006
485,0.4854854854854855,11.122395833333334,35.197916666666664,32.473958333333336,29.882791145833327,0.08730326068810383
486,0.4864864864864865,11.113715277777779,35.052951388888886,32.26649305555556,29.7622875,0.25324321370838826
487,0.4874874874874875,11.108506944444445,35.044270833333336,32.45399305555556,29.768509375,0.18777307789154468
488,0.48848848848848847,10.964409722222221,35.036458333333336,32.1796875,29.71248194444444,0.3099493223368195
489,0.4894894894894895,14.6640625,37.99652777777778,35.42534722222222,32.85040642361111,5.743147989082998
490,0.4904904904904905,14.839409722222221,38.53993055555556,35.63194444444444,33.29124322916667,0.6072195974008027
491,0.4914914914914915,14.741319444444445,37.994791666666664,35.345486111111114,32.85982361111111,0.6235835850226066
492,0.4924924924924925,18.678819444444443,41.763020833333336,39.114583333333336,36.66410243055555,6.626428236469527
493,0.4934934934934935,46.888020833333336,66.85416666666667,64.53645833333333,62.44202552083333,45.5147928781854
494,0.4944944944944945,43.26909722222222,63.64496527777778,61.51909722222222,59.15956805555555,5.700881487309621
495,0.4954954954954955,36.204861111111114,57.24305555555556,54.651041666666664,52.58319201388889,11.749811361856288
496,0.4964964964964965,35.95225694444444,56.966145833333336,54.8046875,52.34253576388889,0.4050862888067757
497,0.4974974974974975,38.89756944444444,59.614583333333336,57.326388888888886,55.04493854166667,4.69553669017575
498,0.4984984984984985,32.087673611111114,53.45399305555556,51.263888888888886,48.75338802083333,11.003702107995323
499,0.4994994994994995,35.29774305555556,56.35069444444444,54.1328125,51.71470590277777,5.189041092623712
500,0.5005005005005005,40.459201388888886,60.96875,58.782986111111114,56.450607812499996,8.34213425056249
501,0.5015015015015015,41.14496527777778,61.384548611111114,59.420138888888886,56.93978281249999,1.0242676693793862
502,0.5025025025025025,13.872395833333334,37.111979166666664,34.40711805555556,31.975952777777774,44.256094300629265
503,0.5035035035035035,10.950520833333334,34.205729166666664,31.93142361111111,29.09746701388889,4.8075675305062635
504,0.5045045045045045,10.944444444444445,34.33680555555556,31.65277777777778,29.169802777777775,0.3079958484462224
505,0.5055055055055055,10.800347222222221,34.1875,31.62673611111111,29.030504166666663,0.20912753710282195
506,0.5065065065065065,10.575520833333334,33.729166666666664,31.16840277777778,28.62181440972222,0.6860654444218185
507,0.5075075075075075,10.358506944444445,33.86371527777778,31.15190972222222,28.670715625,0.25587179915764013
508,0.5085085085085085,10.565104166666666,33.579861111111114,31.151041666666668,28.511563020833336,0.35107884254738553
509,0.5095095095095095,10.348090277777779,33.5859375,30.99392361111111,28.458427777777775,0.2679888688997484
510,0.5105105105105106,10.551215277777779,33.43055555555556,31.11892361111111,28.39950798611111,0.28465472819599524
511,0.5115115115115115,10.26388888888889,33.42534722222222,30.82378472222222,28.313388368055552,0.4119351213754522
512,0.5125125125125125,10.3984375,33.41493055555556,30.958333333333332,28.3442578125,0.1905653810331305
513,0.5135135135135135,9.90798611111111,32.912326388888886,30.45486111111111,27.84417465277777,0.864082051522378
514,0.5145145145145145,10.041666666666666,33.03819444444444,30.453125,27.962490625,0.18361991293094782
515,0.5155155155155156,9.894965277777779,32.75694444444444,30.43923611111111,27.72914913194444,0.3175149779719006
516,0.5165165165165165,10.026041666666666,32.880208333333336,30.369791666666668,27.840160416666667,0.19286662980505856
517,0.5175175175175175,9.883680555555555,32.73871527777778,30.416666666666668,27.71208298611111,0.20611704527340283
518,0.5185185185185185,13.944444444444445,36.32118055555556,33.93402777777778,31.39153402777778,6.457219991121893
519,0.5195195195195195,14.166666666666666,36.5546875,34.290798611111114,31.631541493055558,0.48082599417099453
520,0.5205205205205206,13.169270833333334,35.43663194444444,33.16840277777778,30.538824826388883,1.872062787500294
521,0.5215215215215215,17.76909722222222,39.630208333333336,37.3359375,34.81688975694445,7.490849844863588
522,0.5225225225225225,45.6796875,64.62413194444444,62.834201388888886,60.467310069444444,45.319518184546666
523,0.5235235235235235,41.947916666666664,61.21440972222222,59.34809027777778,56.98360503472222,6.140463326512564
524,0.5245245245245245,33.997395833333336,54.11024305555556,52.193576388888886,49.695868402777776,12.840055861846906
525,0.5255255255255256,35.919270833333336,55.4921875,53.68055555555556,51.200185590277776,2.7954393224065104
526,0.5265265265265265,40.30381944444444,59.68836805555556,57.830729166666664,55.43309149305556,7.352287996289447
527,0.5275275275275275,31.24565972222222,51.174479166666664,49.18663194444444,46.79408958333333,15.141234373487011
528,0.5285285285285285,33.150173611111114,53.51215277777778,51.271701388888886,49.02143541666666,3.6659794943796165
529,0.5295295295295295,40.63975694444444,59.78038194444444,57.901041666666664,55.57539670138889,11.803927647667185
530,0.5305305305305306,41.767361111111114,60.71875,59.10243055555556,56.57298645833333,1.8961437252267679
531,0.5315315315315315,15.578125,36.974826388888886,34.806423611111114,32.26932899305555,42.8945911506136
532,0.5325325325325325,12.09201388888889,33.724826388888886,31.8203125,28.98818454861111,5.6242626402857105
533,0.5335335335335335,12.630208333333334,34.373263888888886,32.193576388888886,29.593316840277772,0.921656325419388
534,0.5345345345345346,12.71701388888889,34.361979166666664,32.059895833333336,29.59404913194444,0.15979061413168735
535,0.5355355355355356,9.651041666666666,31.549479166666668,29.57638888888889,26.75141423611111,4.845425539675752
536,0.5365365365365365,9.263020833333334,30.963541666666668,28.88454861111111,26.199907638888888,0.986167273317553
537,0.5375375375375375,9.58420138888889,30.66232638888889,28.852430555555557,26.050442534722222,0.44149650318704575
538,0.5385385385385385,9.473090277777779,30.713541666666668,28.44097222222222,26.033742187499996,0.42926290750500096
539,0.5395395395395396,9.262152777777779,30.555555555555557,28.25434027777778,25.862430381944442,0.3229330006322919
540,0.5405405405405406,9.394965277777779,30.616319444444443,28.477430555555557,25.95023177083333,0.26664711209408826
541,0.5415415415415415,9.17795138888889,30.241319444444443,28.23090277777778,25.618095312499996,0.4984937042598722
542,0.5425425425425425,9.293402777777779,30.40972222222222,28.16232638888889,25.758130729166663,0.2153862573904974
543,0.5435435435435435,9.1484375,30.28472222222222,27.70920138888889,25.60519548611111,0.4918965311792598
544,0.5445445445445446,9.288194444444445,29.817708333333332,28.18402777777778,25.335181944444443,0.6805101582789446
545,0.5455455455455456,8.99392361111111,30.04513888888889,27.817708333333332,25.40883003472222,0.5220248234797767
546,0.5465465465465466,9.416666666666666,29.84548611111111,27.74392361111111,25.35058628472222,0.47330445585082
547,0.5475475475475475,9.172743055555555,29.84375,27.424479166666668,25.274422569444443,0.40192847028506606
548,0.5485485485485485,9.296875,29.54253472222222,27.64236111111111,25.101114930555557,0.3919335720669949
549,0.5495495495495496,9.055555555555555,29.640625,27.52777777777778,25.111691666666662,0.28458059866982266
550,0.5505505505505506,9.18923611111111,29.502604166666668,27.247395833333332,25.02115607638889,0.3399033335201613
551,0.5515515515515516,8.93142361111111,29.069444444444443,27.18315972222222,24.65191145833333,0.5081544136210607
552,0.5525525525525525,8.905381944444445,29.16059027777778,27.158854166666668,24.70980763888889,0.09785954919000014
553,0.5535535535535535,8.87673611111111,29.1796875,27.1484375,24.71662378472222,0.03596935651927238
554,0.5545545545545546,8.794270833333334,28.99826388888889,26.89236111111111,24.550848784722223,0.32448446134435327
555,0.5555555555555556,9.222222222222221,28.872395833333332,26.727430555555557,24.539902430555554,0.47559147050502093
556,0.5565565565565566,9.061631944444445,28.530381944444443,26.666666666666668,24.25676545138889,0.3826943789795538
557,0.5575575575575575,9.11892361111111,28.758680555555557,26.74392361111111,24.437802777777776,0.24773216660256273
558,0.5585585585585585,8.95486111111111,28.657118055555557,26.82204861111111,24.335926215277777,0.20817050928865982
559,0.5595595595595596,9.00954861111111,28.78125,26.499131944444443,24.41301736111111,0.350249391004353
560,0.5605605605605606,8.690972222222221,28.58246527777778,26.74652777777778,24.220979166666666,0.4496787516629468
561,0.5615615615615616,8.697916666666666,26.93142361111111,24.922743055555557,22.909953298611107,2.4601173800022784
562,0.5625625625625625,24.388020833333332,48.28819444444444,49.369791666666664,43.285108854166666,36.05480848628096
563,0.5635635635635635,9.92013888888889,30.68142361111111,29.438368055555557,26.177825868055553,30.275066214650238
564,0.5645645645645646,18.411458333333332,69.06076388888889,52.76475694444444,57.116149826388884,45.70773112571586
565,0.5655655655655656,18.98871527777778,67.05729166666667,49.19097222222222,55.5479640625,4.137519035112022
566,0.5665665665665666,13.06857638888889,62.28125,44.30555555555556,50.52079045138889,9.040238629174295
567,0.5675675675675675,13.011284722222221,62.200520833333336,44.37586805555556,50.455949305555556,0.12142232527994447
568,0.5685685685685685,12.8046875,62.12847222222222,43.998263888888886,50.3332345486111,0.4364153082523686
569,0.5695695695695696,12.815104166666666,62.314236111111114,44.19618055555556,50.48259704861111,0.27163898156195415
570,0.5705705705705706,12.821180555555555,62.34027777777778,44.067708333333336,50.493238194444444,0.13122577028702298
571,0.5715715715715716,12.647569444444445,62.380208333333336,43.87152777777778,50.47072256944444,0.26499448587904034
572,0.5725725725725725,12.908854166666666,62.33159722222222,44.03559027777778,50.50335034722222,0.3123287532335928
573,0.5735735735735735,12.644965277777779,62.15190972222222,43.642361111111114,50.29034392361111,0.5065117183764072
574,0.5745745745745746,12.721354166666666,62.16059027777778,43.87934027777778,50.329902430555556,0.24913799353863827
575,0.5755755755755756,12.574652777777779,62.02777777777778,43.90538194444444,50.20560642361111,0.19959615743033796
576,0.5765765765765766,12.723958333333334,62.1875,44.05381944444444,50.36229930555555,0.2642669646353999
577,0.5775775775775776,12.296006944444445,61.778645833333336,43.786458333333336,49.95960086805555,0.6494506021147318
578,0.5785785785785785,12.66232638888889,61.94444444444444,43.93402777777778,50.16671406249999,0.4283174707598328
579,0.5795795795795796,14.43576388888889,62.083333333333336,44.81336805555556,50.70656857638889,1.984341204023477
580,0.5805805805805806,15.8984375,61.85850694444444,45.23784722222222,50.8873845486111,1.539527057480856
581,0.5815815815815816,15.658854166666666,62.954861111111114,45.83246527777778,51.66349305555556,1.2700249069885026
582,0.5825825825825826,19.375,66.05295138888889,48.966145833333336,54.89555156249999,5.7643609401328115
583,0.5835835835835835,43.0859375,78.52083333333333,66.58420138888889,70.12554965277776,32.063258082549126
584,0.5845845845845846,48.125,81.47743055555556,70.37673611111111,73.58523368055555,6.965410083593046
585,0.5855855855855856,39.09027777777778,77.13975694444444,64.18836805555556,68.11534739583333,11.778689111283406
586,0.5865865865865866,37.471354166666664,76.35850694444444,62.97309027777778,67.12467118055554,2.1698307072842216
587,0.5875875875875876,39.783854166666664,76.64756944444444,64.41579861111111,67.92720972222222,2.7409160355574014
588,0.5885885885885885,33.28472222222222,72.71180555555556,59.392361111111114,63.367943749999995,9.1084508966556
589,0.5895895895895896,36.809895833333336,74.12326388888889,61.4609375,65.27622187499999,4.324126720145798
590,0.5905905905905906,42.822916666666664,75.44357638888889,65.22395833333333,67.77056770833332,7.215259554018659
591,0.5915915915915916,38.90190972222222,73.859375,62.279513888888886,65.59135190972222,5.153032367971189
592,0.5925925925925926,16.12934027777778,64.45920138888889,47.114583333333336,52.931991493055556,28.929713129858317
593,0.5935935935935935,13.776909722222221,62.552083333333336,44.74565972222222,50.89685763888888,3.8448443234826986
594,0.5945945945945946,14.140625,62.779513888888886,45.35069444444444,51.18052534722222,0.7416741036221997
595,0.5955955955955956,13.905381944444445,62.763020833333336,44.869791666666664,51.08399565972222,0.5356106773982908
596,0.5965965965965966,11.51388888888889,60.986111111111114,42.971354166666664,49.16765121527777,3.532805137154404
597,0.5975975975975976,11.465277777777779,60.838541666666664,43.138020833333336,49.06380815972222,0.22785424910428972
598,0.5985985985985987,11.341145833333334,61.00086805555556,42.919270833333336,49.13771979166666,0.2993495593136338
599,0.5995995995995996,11.513020833333334,60.88194444444444,42.939236111111114,49.090647743055555,0.2099582177992836
600,0.6006006006006006,11.36545138888889,61.033854166666664,42.720486111111114,49.152126562499994,0.3044747397392344
601,0.6016016016016016,11.309027777777779,60.60503472222222,42.669270833333336,48.82974149305555,0.43553730552309006
602,0.6026026026026026,11.234375,60.74305555555556,42.59027777777778,48.90687951388888,0.17567780306564104
603,0.6036036036036037,11.31076388888889,60.572048611111114,42.517361111111114,48.79555104166667,0.20098626239542164
604,0.6046046046046046,11.239583333333334,60.545138888888886,42.59027777777778,48.76643680555555,0.10539281245441946
605,0.6056056056056056,11.096354166666666,60.32118055555556,42.190104166666664,48.54691875,0.4804277763443531
606,0.6066066066066066,10.96267361111111,59.84809027777778,42.23524305555556,48.183403125,0.49368251047775774
607,0.6076076076076076,10.817708333333334,59.810763888888886,41.90190972222222,48.10182100694444,0.36540293126873724
608,0.6086086086086087,10.502604166666666,58.24652777777778,41.032986111111114,46.85335190972222,1.8169076721454676
609,0.6096096096096096,20.08246527777778,69.27864583333333,54.16059027777778,57.72801423611111,19.642183148941914
610,0.6106106106106106,8.991319444444445,27.434895833333332,26.194444444444443,23.424230902777776,51.53657189540292
611,0.6116116116116116,8.6171875,27.325520833333332,26.07638888888889,23.257941840277777,0.4072771988171096
612,0.6126126126126126,8.9921875,27.575520833333332,25.95486111111111,23.50769253472222,0.46679117469335807
613,0.6136136136136137,8.4921875,27.08420138888889,26.08420138888889,23.05933923611111,0.7128279623757957
614,0.6146146146146146,8.8671875,27.33420138888889,25.59027777777778,23.28220295138889,0.6686445495276543
615,0.6156156156156156,8.49392361111111,27.096354166666668,25.84375,23.05103940972222,0.510044507181045
616,0.6166166166166166,8.872395833333334,27.1015625,25.6015625,23.117741666666664,0.4493585816318511
617,0.6176176176176176,8.494791666666666,27.10763888888889,25.60763888888889,23.042247569444445,0.3777019349803317
618,0.6186186186186187,8.743055555555555,26.741319444444443,25.61545138888889,22.833600868055555,0.4425900236794461
619,0.6196196196196196,8.496527777777779,26.99652777777778,25.500868055555557,22.955441145833337,0.3728760905402831
620,0.6206206206206206,8.496527777777779,26.631944444444443,25.631944444444443,22.70415486111111,0.3874300280935857
621,0.6216216216216216,8.497395833333334,26.643229166666668,25.26909722222222,22.686212673611113,0.36302369778082316
622,0.6226226226226226,8.49826388888889,26.65972222222222,25.65972222222222,22.726396180555554,0.39097399533345706
623,0.6236236236236237,8.499131944444445,26.438368055555557,25.186631944444443,22.534111111111113,0.5223148777787175
624,0.6246246246246246,8.499131944444445,26.999131944444443,25.75173611111111,22.975969965277777,0.7961148524338783
625,0.6256256256256256,8.500868055555555,26.500868055555557,25.500868055555557,22.601868055555556,0.5578572383241884
626,0.6266266266266266,8.252604166666666,26.74826388888889,25.622395833333332,22.734798958333336,0.37095640936440616
627,0.6276276276276276,8.50173611111111,26.50173611111111,25.50173611111111,22.602736111111106,0.3706770016138892
628,0.6286286286286287,8.002604166666666,26.502604166666668,25.250868055555557,22.47912881944444,0.5586306765507638
629,0.6296296296296297,8.503472222222221,26.50347222222222,25.50347222222222,22.604472222222217,0.5609620554135639
630,0.6306306306306306,8.004340277777779,26.25607638888889,25.00434027777778,22.285381944444442,0.7479773354056088
631,0.6316316316316316,8.379340277777779,26.505208333333332,25.252604166666668,22.561210763888887,0.5141271090585515
632,0.6326326326326326,8.006944444444445,26.006944444444443,25.006944444444443,22.107944444444442,0.6688006121236795
633,0.6336336336336337,8.386284722222221,26.13454861111111,25.0078125,22.27991736111111,0.4002282139175887
634,0.6346346346346347,8.008680555555555,26.008680555555557,25.008680555555557,22.109680555555556,0.398030686774036
635,0.6356356356356356,8.256944444444445,25.76128472222222,24.76128472222222,21.967661979166664,0.4290039105038857
636,0.6366366366366366,8.010416666666666,26.010416666666668,25.010416666666668,22.111416666666667,0.43001092625814896
637,0.6376376376376376,8.012152777777779,25.51215277777778,24.51215277777778,21.71945277777778,0.70465368800791
638,0.6386386386386387,8.01388888888889,25.76128472222222,25.01388888888889,21.934226388888888,0.5601864555818534
639,0.6396396396396397,8.01736111111111,25.51736111111111,24.51736111111111,21.724661111111107,0.5532184184294517
640,0.6406406406406406,8.019097222222221,25.51909722222222,24.77170138888889,21.744635243055555,0.25435212808950075
641,0.6416416416416416,8.022569444444445,25.522569444444443,24.522569444444443,21.72986944444444,0.24918033308628457
642,0.6426426426426426,8.026041666666666,25.27777777777778,24.526041666666668,21.555783333333334,0.24484091309208164
643,0.6436436436436437,7.780381944444445,25.528645833333332,24.528645833333332,21.683164930555552,0.3511271309718904
644,0.6446446446446447,8.03125,25.03125,24.27951388888889,21.362774652777777,0.6102492294614178
645,0.6456456456456456,7.534722222222222,25.16059027777778,24.53472222222222,21.368143055555553,0.573061981781507
646,0.6466466466466466,8.039930555555555,25.039930555555557,24.039930555555557,21.353530555555555,0.717365333730982
647,0.6476476476476476,7.543402777777778,24.79513888888889,24.29079861111111,21.09100642361111,0.6077808613905241
648,0.6486486486486487,8.046875,25.046875,24.046875,21.360475,0.6134770380741342
649,0.6496496496496497,7.552083333333333,24.552083333333332,24.052083333333332,20.90178333333333,0.6997604686902998
650,0.6506506506506506,7.8046875,24.930555555555557,24.057291666666668,21.226546354166665,0.45505737522569795
651,0.6516516516516516,7.5625,24.5625,23.81423611111111,20.894275347222223,0.5031855326000344
652,0.6526526526526526,7.693576388888889,24.567708333333332,24.067708333333332,20.944167881944445,0.2854055253468889
653,0.6536536536536537,7.574652777777778,24.57465277777778,23.57465277777778,20.88825277777778,0.5072423793932684
654,0.6546546546546547,7.830729166666667,24.335069444444443,24.083333333333332,20.808071354166664,0.6178439917631251
655,0.6556556556556556,7.590277777777778,24.59027777777778,23.59027777777778,20.903877777777776,0.6050222679253802
656,0.6566566566566566,7.600694444444445,24.100694444444443,23.85329861111111,20.574932465277776,0.5558599697671933
657,0.6576576576576577,7.612847222222222,24.36545138888889,23.61284722222222,20.74950972222222,0.3578558369761091
658,0.6586586586586587,7.378472222222222,24.12673611111111,23.50434027777778,20.521118229166664,0.35169643367852255
659,0.6596596596596597,7.649305555555555,24.02690972222222,23.649305555555557,20.517768055555553,0.3230029939864777
660,0.6606606606606606,7.322048611111111,24.196180555555557,23.32204861111111,20.545627777777778,0.49279491717304846
661,0.6616616616616616,8.0,24.0,24.0,20.5984,0.9786332212687423
662,0.6626626626626627,7.751736111111111,24.5,23.5,20.86711909722222,0.7494230837959522
663,0.6636636636636637,8.0,24.0,23.747395833333332,20.580161979166668,0.6106059751402115
664,0.6646646646646647,7.5,24.0,23.5,20.456,0.5578572383241915
665,0.6656656656656657,8.0,24.0,23.5,20.5623,0.5
666,0.6666666666666666,7.5,23.75173611111111,23.5,20.278441666666666,0.5582427415795344
667,0.6676676676676677,7.747395833333333,24.0,23.25173611111111,20.490671701388887,0.4295050819293805
668,0.6686686686686687,7.5,23.5,23.5,20.098399999999998,0.6106059751402119
669,0.6696696696696697,7.625868055555555,23.874131944444443,23.0,20.356638715277775,0.6370380516602725
670,0.6706706706706707,7.5,23.5,23.5,20.098399999999998,0.6370380516602725
671,0.6716716716716716,7.747395833333333,23.5,23.0,20.114896354166664,0.557857238324192
672,0.6726726726726727,7.5,23.5,23.252604166666668,20.08053802083333,0.3535725715720268
673,0.6736736736736737,7.5,23.122395833333332,23.0,19.792237499999995,0.4543058129733653
674,0.6746746746746747,7.5,23.5,22.877604166666668,20.05346302083333,0.396945395112967
675,0.6756756756756757,7.251736111111111,23.0,23.0,19.651919097222223,0.5715030170905449
676,0.6766766766766766,7.5,23.125868055555557,22.625868055555557,19.767708506944444,0.46631795782422025
677,0.6776776776776777,7.125868055555555,23.0,23.0,19.62515954861111,0.5438678066560821
678,0.6786786786786787,7.5,22.75173611111111,22.5,19.491041666666668,0.6720190997137029
679,0.6796796796796797,7.251736111111111,23.0,22.747395833333332,19.63368107638889,0.4295050819293799
680,0.6806806806806807,7.5,22.5,22.5,19.311,0.6106059751402115
681,0.6816816816816816,7.0,23.0,22.5,19.5623,0.7071067811865476
682,0.6826826826826827,7.373263888888889,22.5,22.5,19.284055902777776,0.6239598791176058
683,0.6836836836836837,7.0,22.62152777777778,22.25173611111111,19.273692013888887,0.464467318598733
684,0.6846846846846847,7.374131944444445,22.5,22.5,19.28424045138889,0.4651652084492357
685,0.6856856856856857,7.0,22.125868055555557,22.0,18.901020833333334,0.7279762521590665
686,0.6866866866866866,7.247395833333333,22.5,22.374131944444443,19.248208680555553,0.584084002570053
687,0.6876876876876877,7.0,22.0,22.0,18.811,0.6716988984690044
688,0.6886886886886887,7.0,22.252604166666668,22.12673611111111,19.00081284722222,0.28261441378126756
689,0.6896896896896897,7.0,22.0,22.0,18.811,0.28261441378126756
690,0.6906906906906907,15.207465277777779,41.748263888888886,39.545138888888886,35.946624479166665,27.66203737148661
691,0.6916916916916916,15.26388888888889,41.70659722222222,39.244791666666664,35.90713506944444,0.30842857989903144
692,0.6926926926926927,15.190104166666666,41.73003472222222,39.263888888888886,35.90958975694444,0.07973835674420152
693,0.6936936936936937,14.944444444444445,41.670138888888886,39.21006944444444,35.81063923611111,0.2585202943161372
694,0.6946946946946947,15.168402777777779,41.68663194444444,38.98350694444444,35.85369079861111,0.318998310900314
695,0.6956956956956957,15.109375,41.513020833333336,39.162326388888886,35.72988559027778,0.25612787853342944
696,0.6966966966966966,15.15451388888889,41.64756944444444,38.93402777777778,35.819228124999995,0.26881425534616277
697,0.6976976976976977,14.899305555555555,41.221354166666664,39.127604166666664,35.47411788194444,0.5331628032310846
698,0.6986986986986987,15.12326388888889,41.38628472222222,38.771701388888886,35.613993576388886,0.4516926061551686
699,0.6996996996996997,14.825520833333334,41.185763888888886,39.0703125,35.42884062499999,0.46693482137367753
700,0.7007007007007007,15.112847222222221,41.216145833333336,38.61631944444444,35.47887708333333,0.5381349373464104
701,0.7017017017017017,14.75607638888889,41.14409722222222,39.0390625,35.38202048611111,0.5578423799791924
702,0.7027027027027027,15.08420138888889,41.07465277777778,38.559895833333336,35.36751736111111,0.5848839551001886
703,0.7037037037037037,14.675347222222221,41.088541666666664,38.75086805555556,35.30431649305555,0.4514698445032146
704,0.7047047047047047,15.057291666666666,40.78472222222222,38.53211805555556,35.152432465277776,0.5348264914572812
705,0.7057057057057057,14.609375,41.059895833333336,38.45746527777778,35.24861961805556,0.5309641172053403
706,0.7067067067067067,15.047743055555555,40.642361111111114,38.486979166666664,35.04532673611111,0.6061129152477215
707,0.7077077077077077,14.638020833333334,41.005208333333336,38.30815972222222,35.20481736111111,0.5757662718226179
708,0.7087087087087087,15.019965277777779,40.493923611111114,38.45659722222222,34.93106510416666,0.6552307358679686
709,0.7097097097097097,14.355902777777779,40.84722222222222,38.236979166666664,35.02670815972222,0.783601303498974
710,0.7107107107107107,15.0078125,40.46180555555556,38.4140625,34.90243958333333,0.7777472596009206
711,0.7117117117117117,14.385416666666666,40.66493055555556,38.09288194444444,34.89220399305555,0.7292415842796346
712,0.7127127127127127,14.981770833333334,40.434895833333336,38.390625,34.87596510416666,0.7051277846320552
713,0.7137137137137137,14.3125,40.40625,37.76996527777778,34.668378993055555,0.9132154854726356
714,0.7147147147147147,14.835069444444445,40.388888888888886,38.21961805555556,34.799525520833335,0.6896142784261795
715,0.7157157157157157,14.348958333333334,40.12065972222222,37.75434027777778,34.470747743055554,0.7243854696846146
716,0.7167167167167167,14.947916666666666,40.36371527777778,38.193576388888886,34.80363246527778,0.7815084449063058
717,0.7177177177177178,14.283854166666666,39.822916666666664,37.69618055555556,34.23976163194444,0.990376068321179
718,0.7187187187187187,14.677083333333334,40.325520833333336,38.018229166666664,34.7060765625,0.7148114673021513
719,0.7197197197197197,14.313368055555555,39.80902777777778,37.65625,34.233219965277776,0.728067851801448
720,0.7207207207207207,14.669270833333334,40.16753472222222,37.75347222222222,34.57230850694444,0.5144377289222251
721,0.7217217217217218,14.253472222222221,39.75,37.61631944444444,34.175386458333335,0.6050079451670685
722,0.7227227227227228,14.633680555555555,40.009548611111114,37.44097222222222,34.429187847222224,0.4926159828983111
723,0.7237237237237237,14.266493055555555,39.7265625,37.591145833333336,34.15957465277778,0.4872985868153058
724,0.7247247247247247,14.377604166666666,39.736979166666664,37.411458333333336,34.1776734375,0.21152253689155676
725,0.7257257257257257,14.219618055555555,39.68315972222222,37.55555555555556,34.11599774305555,0.22049978085358943
726,0.7267267267267268,14.361979166666666,39.45659722222222,37.33940972222222,33.96862048611111,0.3439713267561733
727,0.7277277277277278,14.222222222222221,39.63975694444444,37.52777777777778,34.083504166666664,0.29759370241782734
728,0.7287287287287287,14.333333333333334,39.19184027777778,37.05555555555556,33.75268194444444,0.6602793700022853
729,0.7297297297297297,14.190104166666666,39.615451388888886,37.50347222222222,34.0575376736111,0.6329220393686654
730,0.7307307307307307,14.190972222222221,39.138020833333336,37.001736111111114,33.68003854166667,0.6925892102043071
731,0.7317317317317318,14.184895833333334,39.325520833333336,37.22222222222222,33.82876579861111,0.28949490098243263
732,0.7327327327327328,14.184027777777779,39.11371527777778,36.927083333333336,33.655788888888885,0.36327580516628377
733,0.7337337337337337,14.15451388888889,39.165798611111114,36.954861111111114,33.68876979166667,0.06599506183593368
734,0.7347347347347347,14.03732638888889,39.076388888888886,36.90277777777778,33.59614947916666,0.1563319615280811
735,0.7357357357357357,14.12326388888889,39.01215277777778,36.91840277777778,33.56960625,0.10842357908650915
736,0.7367367367367368,14.033854166666666,39.03125,36.84288194444444,33.558803472222216,0.11858414140103848
737,0.7377377377377378,14.110243055555555,38.70746527777778,36.88975694444444,33.346857291666666,0.33595992962732946
738,0.7387387387387387,14.0,38.997395833333336,36.79253472222222,33.52375850694444,0.3250621768782186
739,0.7397397397397397,14.08767361111111,38.57725694444444,36.611111111111114,33.22881579861111,0.4659590912415488
740,0.7407407407407407,13.766493055555555,38.963541666666664,36.747395833333336,33.446643402777774,0.5205250823932138
741,0.7417417417417418,14.058159722222221,38.401041666666664,36.3359375,33.07664444444444,0.7554956350065105
742,0.7427427427427428,13.72048611111111,38.689236111111114,36.704861111111114,33.237607986111115,0.5772210462939891
743,0.7437437437437437,14.050347222222221,38.36284722222222,36.28559027777778,33.044031770833335,0.6254007444012297
744,0.7447447447447447,13.738715277777779,38.42621527777778,36.67100694444444,33.05092673611111,0.49967588115453315
745,0.7457457457457457,14.016493055555555,38.322916666666664,36.25347222222222,33.00595711805555,0.5120218170603991
746,0.7467467467467468,13.678819444444445,38.25,36.3671875,32.89022795138889,0.36369145208359294
747,0.7477477477477478,13.755208333333334,38.295138888888886,36.19878472222222,32.92659288194444,0.1903477796011136
748,0.7487487487487487,13.702256944444445,38.223958333333336,36.103298611111114,32.85753298611111,0.13033847662751716
749,0.7497497497497497,13.859375,38.25868055555556,36.15625,32.91959270833333,0.1693976554822112
750,0.7507507507507507,13.635416666666666,38.05555555555556,35.8046875,32.701321354166666,0.4636952577940545
751,0.7517517517517518,13.705729166666666,38.2265625,36.11371527777778,32.86088576388889,0.360118577891709
752,0.7527527527527528,13.671875,37.76649305555556,35.78211805555556,32.50070538194444,0.5681256164772065
753,0.7537537537537538,13.453993055555555,38.080729166666664,36.08159722222222,32.70074774305555,0.48570016111638653
754,0.7547547547547547,13.608506944444445,37.73524305555556,35.73350694444444,32.461373611111114,0.5142003853690265
755,0.7557557557557557,13.55642361111111,37.91493055555556,36.02690972222222,32.599996875,0.3479733628815253
756,0.7567567567567568,46.87847222222222,67.65104166666667,65.72829861111111,63.09597135416667,53.63550810407794
757,0.7577577577577578,38.739583333333336,60.458333333333336,58.98784722222222,55.734757986111106,12.783201885288989
758,0.7587587587587588,36.54340277777778,58.369791666666664,56.35590277777778,53.58409861111111,4.014018794754838
759,0.7597597597597597,34.134548611111114,56.19444444444444,54.7265625,51.39852951388889,3.6317301213452318
760,0.7607607607607607,38.98871527777778,60.64496527777778,58.814236111111114,55.90866788194444,7.751073813781287
761,0.7617617617617618,41.533854166666664,62.79340277777778,61.62847222222222,58.18951475694445,4.360440407140381
762,0.7627627627627628,35.455729166666664,57.720486111111114,56.138888888888886,52.87280746527778,9.633982156729404
763,0.7637637637637638,38.19965277777778,60.234375,59.35069444444444,55.48599131944444,4.915734843946487
764,0.7647647647647647,39.17881944444444,61.32725694444444,60.30381944444444,56.544606944444446,1.7497444302608232
765,0.7657657657657657,47.510416666666664,69.203125,68.81684027777777,64.56336545138889,14.279927647247684
766,0.7667667667667668,18.577256944444443,42.94878472222222,42.221354166666664,37.71487743055555,47.26243747860737
767,0.7677677677677678,15.815104166666666,40.634548611111114,39.91493055555556,35.30597829861111,4.2784070189320405
768,0.7687687687687688,16.18576388888889,40.546875,40.033854166666664,35.330662673611116,0.39902144935181666
769,0.7697697697697697,15.48263888888889,40.572048611111114,39.62847222222222,35.169913888888885,0.8120055401306884
770,0.7707707707707707,16.01128472222222,40.18836805555556,39.94184027777778,35.030520833333334,0.7244837638310364
771,0.7717717717717718,15.49826388888889,40.4453125,39.490451388888886,35.07262899305555,0.7300429795410946
772,0.7727727727727728,15.902777777777779,39.786458333333336,39.71788194444444,34.70383663194444,0.8058814781581388
773,0.7737737737737738,16.25173611111111,42.12413194444444,41.634548611111114,36.58831267361111,3.043041396629226
774,0.7747747747747747,18.40972222222222,44.6640625,46.2578125,39.197458506944436,5.699361391340016
775,0.7757757757757757,18.389756944444443,46.029513888888886,47.799479166666664,40.28109305555555,2.059512616821377
776,0.7767767767767768,19.052083333333332,46.11024305555556,48.189236111111114,40.50778159722222,0.7727249960444954
777,0.7777777777777778,17.20486111111111,44.08940972222222,45.06944444444444,38.44451319444445,4.150794784470262
778,0.7787787787787788,16.944444444444443,42.588541666666664,43.454861111111114,37.199154861111104,2.2197524863692935
779,0.7797797797797797,16.19878472222222,42.24305555555556,43.056423611111114,36.76476875,0.9133025324181724
780,0.7807807807807807,16.33159722222222,42.05815972222222,42.901041666666664,36.649548611111115,0.27562506779975
781,0.7817817817817818,16.006944444444443,42.25434027777778,43.94618055555556,36.79629479166667,1.1118460026302313
782,0.7827827827827828,16.32378472222222,43.334201388888886,45.30034722222222,37.73374253472222,1.7607541401409568
783,0.7837837837837838,15.886284722222221,42.579861111111114,45.46788194444444,37.113321875,0.8879771324915536
784,0.7847847847847848,15.707465277777779,42.234375,44.146701388888886,36.73282395833333,1.3772636301958283
785,0.7857857857857858,15.034722222222221,41.088541666666664,43.54340277777778,35.72674062499999,1.4592760056769938
786,0.7867867867867868,14.749131944444445,40.8046875,42.48350694444444,35.386487152777775,1.1338051738339265
787,0.7877877877877878,20.002604166666668,45.37152777777778,47.877604166666664,40.15903333333334,8.80632076154278
788,0.7887887887887888,22.653645833333332,47.779513888888886,49.955729166666664,42.59487708333332,4.140654844989106
789,0.7897897897897898,21.682291666666668,47.70659722222222,51.82118055555556,42.47090277777778,2.1044606533945855
790,0.7907907907907908,46.857638888888886,70.54079861111111,74.890625,65.81981631944444,41.077951845279436
791,0.7917917917917918,62.817708333333336,84.55989583333333,88.40364583333333,80.21502552083332,25.17658903902013
792,0.7927927927927928,50.045138888888886,71.82725694444444,74.33854166666667,67.37769340277777,22.871068591283297
793,0.7937937937937938,50.2265625,70.5390625,70.24045138888889,66.19906527777778,4.299616654794114
794,0.7947947947947948,52.15190972222222,72.00694444444444,72.31857638888889,67.80826388888889,3.1906492826021826
795,0.7957957957957958,45.94097222222222,66.51128472222223,66.02517361111111,62.1029390625,10.41080875507291
796,0.7967967967967968,50.638020833333336,70.625,70.87934027777777,66.39413159722223,7.908720065190118
797,0.7977977977977978,58.732638888888886,77.74565972222223,77.66232638888889,73.69747482638888,12.737171464989004
798,0.7987987987987988,21.55902777777778,44.28819444444444,44.314236111111114,39.457853819444445,60.11135060060326
799,0.7997997997997998,19.372395833333332,41.69965277777778,41.21788194444444,36.91809409722222,4.590132497648449
800,0.8008008008008008,19.497395833333332,42.217013888888886,41.94965277777778,37.36751961805555,0.9048624601603737
801,0.8018018018018018,17.11111111111111,39.482638888888886,39.125,34.70063055555555,4.598893859521429
802,0.8028028028028028,13.683159722222221,37.1015625,36.65538194444444,32.09059583333333,4.849679250696422
803,0.8038038038038038,13.285590277777779,36.075520833333336,35.6640625,31.20067430555555,1.4810594876052778
804,0.8048048048048048,12.802083333333334,36.2578125,35.901041666666664,31.245365624999998,0.5684789727827585
805,0.8058058058058059,13.0703125,35.83940972222222,35.532986111111114,30.976575868055555,0.618443742209556
806,0.8068068068068068,12.659722222222221,36.14409722222222,35.53038194444444,31.10700885416666,0.5112979860569677
807,0.8078078078078078,13.106770833333334,35.443576388888886,35.39149305555556,30.691011111111106,0.8425390329754432
808,0.8088088088088088,16.42534722222222,39.208333333333336,38.596354166666664,34.32048559027778,5.954618278374008
809,0.8098098098098098,17.05642361111111,39.236979166666664,39.17534722222222,34.516943229166664,0.8569194540690285
810,0.8108108108108109,15.494791666666666,38.25694444444444,37.619791666666664,33.37170833333333,2.41224283045681
811,0.8118118118118118,28.227430555555557,49.37586805555556,49.361111111111114,44.878644791666666,20.581767116578188
812,0.8128128128128128,35.27690972222222,55.919270833333336,55.299479166666664,51.485955902777775,11.303782181055148
813,0.8138138138138138,28.71527777777778,49.583333333333336,49.38975694444444,45.13280850694444,10.868483542890754
814,0.8148148148148148,28.80815972222222,49.5390625,48.70746527777778,45.07163125,0.6900064352530222
815,0.8158158158158159,29.641493055555557,50.3046875,49.295138888888886,45.838802951388885,1.2751417012496364
816,0.8168168168168168,26.62152777777778,47.11631944444444,45.78211805555556,42.66279739583332,5.623806229957122
817,0.8178178178178178,29.475694444444443,49.974826388888886,48.5625,45.514740972222214,4.90386103693211
818,0.8188188188188188,32.35503472222222,52.2109375,50.9296875,47.89706631944444,4.3467654637240605
819,0.8198198198198198,14.41232638888889,36.263888888888886,34.55381944444444,31.494779687499996,29.058874656689223
820,0.8208208208208209,13.690104166666666,35.189236111111114,33.818576388888886,30.519559027777778,1.4889814914228312
821,0.8218218218218218,14.302083333333334,36.263020833333336,34.42274305555556,31.461257465277775,1.375699636993119
822,0.8228228228228228,13.624131944444445,35.11024305555556,33.740451388888886,30.443396874999998,1.5013449333971962
823,0.8238238238238238,18.0,39.177951388888886,37.58506944444444,34.56051284722221,7.10461542363869
824,0.8248248248248248,21.07204861111111,41.888888888888886,40.58506944444444,37.36909288194444,5.07805718734399
825,0.8258258258258259,18.221354166666668,39.346354166666664,37.856770833333336,34.74763124999999,4.694097883585603
826,0.8268268268268268,19.283854166666668,40.247395833333336,38.920138888888886,35.694718923611106,1.752579229776915
827,0.8278278278278278,19.080729166666668,40.005208333333336,38.631076388888886,35.45745173611111,0.428335942558525
828,0.8288288288288288,17.59722222222222,38.6953125,37.11024305555556,34.09541649305555,2.495907445434765
829,0.8298298298298298,18.494791666666668,39.33940972222222,37.95659722222222,34.80800486111111,1.3916923204173823
830,0.8308308308308309,19.817708333333332,40.58506944444444,39.143229166666664,36.065827604166664,2.170223956666035
831,0.8318318318318318,12.239583333333334,33.842013888888886,32.403645833333336,29.145486979166662,12.178618979501659
832,0.8328328328328328,12.169270833333334,33.48350694444444,32.07118055555556,28.850130381944442,0.4939678509771626
833,0.8338338338338338,11.745659722222221,33.260416666666664,31.82378472222222,28.582654513888883,0.5389066188556727
834,0.8348348348348348,11.95486111111111,33.02690972222222,31.608506944444443,28.444583506944443,0.38030939486391735
835,0.8358358358358359,11.31076388888889,32.967013888888886,31.526041666666668,28.25885694444444,0.6521113896904747
836,0.8368368368368369,11.578125,32.66840277777778,31.221354166666668,28.080132812499997,0.5034729705454184
837,0.8378378378378378,11.299479166666666,32.923611111111114,31.5,28.2235359375,0.46948726742142244
838,0.8388388388388388,11.807291666666666,32.404513888888886,31.06857638888889,27.92908975694444,0.844666675972975
839,0.8398398398398398,11.292534722222221,32.896701388888886,31.4765625,28.201121527777772,0.8207776275396392
840,0.8408408408408409,11.533854166666666,32.38368055555556,31.04340277777778,27.854239409722222,0.7134793582554652
841,0.8418418418418419,11.28125,32.626736111111114,31.32378472222222,27.994612673611112,0.4488862916978285
842,0.8428428428428428,16.66232638888889,37.18315972222222,35.73350694444444,32.715765625,8.316407235345606
843,0.8438438438438438,22.444444444444443,42.657986111111114,41.526041666666664,38.278860763888886,9.8468305410932
844,0.8448448448448449,21.848958333333332,41.794270833333336,40.33940972222222,37.448856423611105,1.583888620190504
845,0.8458458458458459,33.27430555555556,52.403645833333336,51.32118055555556,48.25859409722222,19.070833428951573
846,0.8468468468468469,42.421875,60.822048611111114,59.46527777777778,56.81221284722223,14.8618253130239
847,0.8478478478478478,53.41753472222222,70.52430555555556,69.48784722222223,66.81257378472222,17.762044387165346
848,0.8488488488488488,48.462673611111114,66.18229166666667,64.83506944444444,62.31783142361111,8.065486612169657
849,0.8498498498498499,45.787326388888886,63.46961805555556,62.416666666666664,59.63433975694444,4.512732307087812
850,0.8508508508508509,47.14496527777778,65.08072916666667,63.71006944444444,61.16862413194445,2.472196009731516
851,0.8518518518518519,47.104166666666664,64.55729166666667,63.595486111111114,60.777314930555555,0.5373831811218347
852,0.8528528528528528,48.82465277777778,66.59027777777777,65.46354166666667,62.731955555555544,3.253111824874586
853,0.8538538538538538,31.21267361111111,49.982638888888886,48.822916666666664,45.908412326388884,29.37525965879213
854,0.8548548548548549,31.15798611111111,49.978298611111114,48.978298611111114,45.90490017361111,0.16478200547018584
855,0.8558558558558559,15.3984375,35.52430555555556,34.09027777777778,31.142009201388888,26.05637066073842
856,0.8568568568568569,13.053819444444445,33.575520833333336,32.53819444444444,29.13771215277778,3.421104849842368
857,0.8578578578578578,13.036458333333334,33.37586805555556,31.901041666666668,28.945227083333336,0.6679268688137423
858,0.8588588588588588,12.12673611111111,32.83159722222222,31.791666666666668,28.354660763888884,1.065733621618134
859,0.8598598598598599,11.17361111111111,31.6640625,30.17361111111111,27.20018194444444,2.2112639765717077
860,0.8608608608608609,10.864583333333334,31.41753472222222,30.385416666666668,26.97345833333333,0.4484815559401735
861,0.8618618618618619,11.15625,31.647569444444443,30.12934027777778,27.18149878472222,0.4511768332025397
862,0.8628628628628628,10.58420138888889,31.143229166666668,30.11284722222222,26.69798628472222,0.7628045294468777
863,0.8638638638638638,12.363715277777779,32.635416666666664,31.2265625,28.22393368055555,2.575588269863864
864,0.8648648648648649,12.152777777777779,32.552951388888886,31.27517361111111,28.123618923611108,0.23164237753198988
865,0.8658658658658659,12.110243055555555,32.390625,31.10329861111111,27.986070833333333,0.24020839858178866
866,0.8668668668668669,15.110243055555555,35.247395833333336,33.869791666666664,30.866774131944442,4.981427849585011
867,0.8678678678678678,17.5078125,36.990451388888886,35.95659722222222,32.77379809027777,3.625098527955378
868,0.8688688688688688,16.96527777777778,36.92534722222222,35.520833333333336,32.58043055555556,0.6989081800878203
869,0.8698698698698699,18.219618055555557,37.611979166666664,36.815104166666664,33.43162881944444,1.9287223619807334
870,0.8708708708708709,17.219618055555557,37.146701388888886,35.61284722222222,32.799459201388885,1.6315346061174174
871,0.8718718718718719,19.5390625,38.575520833333336,38.01475694444444,34.48788263888889,3.6318752524546274
872,0.8728728728728729,34.74305555555556,53.12152777777778,51.670138888888886,49.10947430555556,25.08420177940424
873,0.8738738738738738,32.052951388888886,50.04774305555556,49.25868055555556,46.165080034722216,4.743410612574762
874,0.8748748748748749,24.19878472222222,43.35243055555556,41.953125,39.17933559027777,12.644614880483417
875,0.8758758758758759,26.854166666666668,45.45659722222222,44.4296875,41.42757760416666,4.196657294609476
876,0.8768768768768769,24.40451388888889,43.40625,42.111979166666664,39.27303454861111,3.9467067767635786
877,0.8778778778778779,23.536458333333332,42.32465277777778,41.16319444444444,38.24642534722222,1.6803468236563517
878,0.8788788788788788,25.585069444444443,44.23350694444444,43.18402777777778,40.19307673611111,3.453157841060803
879,0.8798798798798799,27.08420138888889,45.682291666666664,44.41319444444444,41.63670885416666,2.4201703354604494
880,0.8808808808808809,12.752604166666666,32.24565972222222,31.38628472222222,28.03938923611111,23.571977724862215
881,0.8818818818818819,11.255208333333334,31.283854166666668,29.977430555555557,26.931440277777774,2.2698313310278304
882,0.8828828828828829,11.744791666666666,31.067708333333332,30.436631944444443,26.91409253472222,0.7051785427128512
883,0.8838838838838838,11.313368055555555,31.2265625,29.663194444444443,26.8801421875,0.8997591593853115
884,0.8848848848848849,10.473958333333334,29.893229166666668,29.12934027777778,25.709539409722222,1.6635464318155715
885,0.8858858858858859,10.166666666666666,30.139756944444443,28.813368055555557,25.79771267361111,0.5050173846857903
886,0.8868868868868869,10.466145833333334,29.87934027777778,28.989583333333332,25.6878546875,0.43423085526875765
887,0.8878878878878879,10.153645833333334,29.861979166666668,28.789930555555557,25.594585590277774,0.37123966632539945
888,0.8888888888888888,10.449652777777779,29.860243055555557,28.9609375,25.668621701388886,0.3418574268453904
889,0.8898898898898899,10.133680555555555,29.7265625,28.74392361111111,25.49016927083333,0.40596054502915874
890,0.8908908908908909,10.43923611111111,29.846354166666668,28.69184027777778,25.637044965277777,0.3323054536789204
891,0.8918918918918919,9.866319444444445,29.688368055555557,28.70746527777778,25.40337934027778,0.594505894733985
892,0.8928928928928929,10.421875,29.825520833333332,28.42013888888889,25.598837152777776,0.6403196963335821
893,0.8938938938938938,9.98611111111111,29.538194444444443,28.67013888888889,25.318747916666666,0.5787457305341418
894,0.8948948948948949,10.940972222222221,30.296875,28.877604166666668,26.07933871527778,1.237092465571529
895,0.8958958958958959,10.6640625,30.041666666666668,29.41579861111111,25.876800347222222,0.6568588491409912
896,0.8968968968968969,11.511284722222221,30.680555555555557,29.39236111111111,26.5121609375,1.0613735546823695
897,0.8978978978978979,13.2109375,32.341145833333336,31.705729166666668,28.228186458333337,3.316331014256975
898,0.8988988988988988,30.28559027777778,47.60243055555556,46.4609375,43.83845451388889,27.242737597651182
899,0.8998998998998999,25.071180555555557,43.216145833333336,42.58159722222222,39.31271180555556,7.840844559509815
900,0.9009009009009009,21.940104166666668,40.1328125,38.95399305555556,36.17993194444445,5.698253748958473
901,0.9019019019019019,24.52517361111111,42.712673611111114,41.83159722222222,38.782397395833335,4.649609997111707
902,0.9029029029029029,22.97222222222222,40.81944444444444,39.869791666666664,36.95656006944444,3.137619437021953
903,0.9039039039039038,21.780381944444443,40.18663194444444,39.068576388888886,36.192739583333335,1.5693568202401216
904,0.9049049049049049,24.74652777777778,42.33680555555556,41.520833333333336,38.53819930555556,4.4084954104654965
905,0.9059059059059059,26.592881944444443,44.60590277777778,43.368923611111114,40.68702465277777,3.4602403944640465
906,0.9069069069069069,12.684027777777779,31.327256944444443,30.61284722222222,27.312126041666666,23.075877973240154
907,0.9079079079079079,11.321180555555555,30.44097222222222,29.282118055555557,26.292435243055554,2.1008791671537668
908,0.908908908908909,12.10763888888889,30.67621527777778,29.96527777777778,26.67720625,1.0679715405025094
909,0.9099099099099099,11.277777777777779,30.26996527777778,29.114583333333332,26.14880763888889,1.2559417040783432
910,0.9109109109109109,9.737847222222221,28.608506944444443,27.90625,24.545901736111112,2.567469445539883
911,0.9119119119119119,9.768229166666666,28.624131944444443,27.453993055555557,24.53088298611111,0.45354552910534707
912,0.9129129129129129,9.61545138888889,28.591145833333332,27.7421875,24.495618402777776,0.3278493109914849
913,0.913913913913914,9.756944444444445,28.359375,27.42534722222222,24.33706145833333,0.41728379500859436
914,0.914914914914915,9.58420138888889,28.56597222222222,27.711805555555557,24.468776909722223,0.39316784228713325
915,0.9159159159159159,9.747395833333334,28.092881944444443,27.40625,24.14305677083333,0.5863540186237762
916,0.9169169169169169,9.447916666666666,28.533854166666668,27.56423611111111,24.406177430555555,0.5559711173640061
917,0.9179179179179179,9.735243055555555,28.072916666666668,27.372395833333332,24.123749652777775,0.5760403847266565
918,0.918918918918919,9.433159722222221,28.399305555555557,27.280381944444443,24.286316666666668,0.4541482167931068
919,0.91991991991992,9.725694444444445,28.055555555555557,27.34982638888889,24.107673437499997,0.4566871544830565
920,0.9209209209209209,9.410590277777779,28.24565972222222,27.013020833333332,24.152327430555555,0.4988669284366407
921,0.9219219219219219,9.711805555555555,28.03125,27.30295138888889,24.083952951388888,0.46985306170643115
922,0.9229229229229229,9.14670138888889,27.96875,26.989583333333332,23.89648663194444,0.6491906556834424
923,0.923923923923924,9.702256944444445,28.01128472222222,27.264756944444443,24.06488611111111,0.6214271430788103
924,0.924924924924925,9.136284722222221,27.70659722222222,26.97048611111111,23.705401562499997,0.7069330607165755
925,0.9259259259259259,9.682291666666666,27.981770833333332,27.24045138888889,24.03777829861111,0.6683751572575994
926,0.9269269269269269,9.108506944444445,27.44097222222222,26.69357638888889,23.489528125,0.9595646465248384
927,0.9279279279279279,9.674479166666666,27.961805555555557,27.205729166666668,24.01933125,0.9240629768710398
928,0.928928928928929,9.11111111111111,27.424479166666668,26.66840277777778,23.476468402777776,0.9459507716647813
929,0.92992992992993,9.402777777777779,27.672743055555557,26.90798611111111,23.73333298611111,0.45177934501456624
930,0.9309309309309309,9.082465277777779,27.414930555555557,26.63888888888889,23.461418229166668,0.4914068556911021
931,0.9319319319319319,9.51388888888889,27.401041666666668,26.639756944444443,23.543268229166667,0.43164798966190765
932,0.9329329329329329,9.078993055555555,27.397569444444443,26.59982638888889,23.44544305555555,0.43673892824527405
933,0.933933933933934,9.362847222222221,27.38628472222222,26.606770833333332,23.49822100694444,0.28416325976153584
934,0.934934934934935,9.072916666666666,27.38454861111111,26.55902777777778,23.431893055555555,0.29384033160940276
935,0.9359359359359359,9.110243055555555,27.100694444444443,26.46440972222222,23.22998472222222,0.30152781576270465
936,0.9369369369369369,9.06423611111111,27.364583333333332,26.53732638888889,23.4142015625,0.277616326778352
937,0.9379379379379379,9.19357638888889,26.947916666666668,26.32204861111111,23.12815625,0.4865023537164858
938,0.938938938938939,9.06076388888889,27.34982638888889,26.518229166666668,23.40153038194444,0.4665376676658383
939,0.93993993993994,9.055555555555555,26.811631944444443,26.05642361111111,22.982164062499997,0.7091859825948016
940,0.9409409409409409,9.050347222222221,27.07638888888889,26.49652777777778,23.202186458333333,0.513629286436271
941,0.9419419419419419,9.042534722222221,26.78298611111111,26.03298611111111,22.957216145833332,0.5486502546250013
942,0.9429429429429429,9.046006944444445,26.817708333333332,26.47482638888889,23.014688541666665,0.44321610993955796
943,0.943943943943944,9.004340277777779,26.75607638888889,26.016493055555557,22.928659375,0.4643318340708047
944,0.944944944944945,9.036458333333334,26.66753472222222,26.19184027777778,22.884822743055555,0.19904231854012897
945,0.9459459459459459,8.75607638888889,26.749131944444443,25.9921875,22.86915694444444,0.3537419583809832
946,0.9469469469469469,9.028645833333334,26.64670138888889,25.921006944444443,22.848707638888886,0.29975455333550866
947,0.9479479479479479,8.852430555555555,26.729166666666668,25.975694444444443,22.874171875,0.20209668185676835
948,0.948948948948949,9.01736111111111,26.491319444444443,25.641493055555557,22.714998437499997,0.44211305975955156
949,0.94994994994995,8.710069444444445,26.71267361111111,25.944444444444443,22.829853819444445,0.48497977229280115
950,0.950950950950951,9.00954861111111,26.22482638888889,25.59722222222222,22.5195453125,0.66951172887578
951,0.9519519519519519,8.453125,26.583333333333332,25.92621527777778,22.68140711805555,0.739169056996166
952,0.9529529529529529,8.997395833333334,26.19357638888889,25.585069444444443,22.49373420138889,0.7513465880409163
953,0.953953953953954,8.550347222222221,26.436631944444443,25.885416666666668,22.594210069444443,0.5908780903700864
954,0.954954954954955,31.98871527777778,50.150173611111114,48.315104166666664,46.156555555555556,40.184325760575845
955,0.955955955955956,8.4140625,26.178819444444443,25.85590277777778,22.378717534722224,40.432731804853624
956,0.9569569569569569,8.971354166666666,26.145833333333332,25.29340277777778,22.432993576388885,0.7925076247345163
957,0.9579579579579579,8.408854166666666,25.914930555555557,25.57378472222222,22.168507986111113,0.6695792541260065
958,0.958958958958959,8.964409722222221,26.11892361111111,25.27170138888889,22.410704513888884,0.664461798978173
959,0.95995995995996,8.374131944444445,25.647569444444443,25.2890625,21.949352430555553,0.7555819039331949
960,0.960960960960961,8.694444444444445,26.08940972222222,25.24652777777778,22.330384027777775,0.5473866378689893
961,0.9619619619619619,8.381944444444445,25.630208333333332,25.249131944444443,21.935713715277778,0.5554538209802078
962,0.9629629629629629,8.808159722222221,25.94704861111111,25.22222222222222,22.250988368055552,0.5317625012950467
963,0.963963963963964,8.362847222222221,25.616319444444443,25.108506944444443,21.911567187499998,0.5662297843988392
964,0.964964964964965,8.658854166666666,25.802083333333332,25.18576388888889,22.112934548611108,0.3579063690958187
965,0.965965965965966,8.359375,25.592881944444443,24.940104166666668,21.881907812499996,0.44022913522698615
966,0.9669669669669669,8.403645833333334,25.522569444444443,25.14670138888889,21.85594861111111,0.22267951538077269
967,0.9679679679679679,8.355034722222221,25.57465277777778,24.67621527777778,21.84889479166667,0.4758496553356162
968,0.968968968968969,8.491319444444445,25.268229166666668,25.127604166666668,21.691305034722223,0.5623352060558789
969,0.96996996996997,8.348958333333334,25.547743055555557,24.65972222222222,21.827166319444444,0.5633011751946702
970,0.970970970970971,8.355034722222221,25.005208333333332,24.98611111111111,21.464002604166666,0.6331749790609223
971,0.9719719719719719,8.346354166666666,25.52951388888889,24.64409722222222,21.81244704861111,0.6260552434283064
972,0.972972972972973,8.34201388888889,24.98784722222222,24.84201388888889,21.438413888888885,0.5767084382366988
973,0.973973973973974,8.3359375,25.243055555555557,24.62673611111111,21.604103993055556,0.3339352295126206
974,0.974974974974975,8.3046875,24.984375,24.57638888888889,21.408816840277776,0.2653809245368352
975,0.975975975975976,8.3359375,24.966145833333332,24.61284722222222,21.405055381944443,0.05136219511280172
976,0.9769769769769769,8.058159722222221,24.963541666666668,24.430555555555557,21.330975868055557,0.33226123344034425
977,0.977977977977978,8.323784722222221,24.833333333333332,24.591145833333332,21.305917361111106,0.3366007843294308
978,0.978978978978979,8.026909722222221,24.958333333333332,24.405381944444443,21.31878958333333,0.3718440372523454
979,0.97997997997998,8.319444444444445,24.799479166666668,24.575520833333332,21.279653993055554,0.37384281654906715
980,0.980980980980981,8.014756944444445,24.9375,24.247395833333332,21.289899305555554,0.46856188354931033
981,0.9819819819819819,8.308159722222221,24.649305555555557,24.55121527777778,21.168095833333332,0.5113193548447864
982,0.982982982982983,7.754340277777778,24.928819444444443,23.967881944444443,21.208145486111107,0.8515408204568476
983,0.983983983983984,8.30295138888889,24.38628472222222,24.532118055555557,20.977497222222222,0.9558663427138259
984,0.984984984984985,7.855902777777778,24.65451388888889,23.952256944444443,21.032426215277777,0.7797680775243913
985,0.985985985985986,8.29079861111111,24.366319444444443,24.25173611111111,20.94039079861111,0.601563126302385
986,0.986986986986987,14.502604166666666,30.716145833333332,30.26128472222222,27.23630590277778,10.724807594468446
987,0.987987987987988,16.36892361111111,31.901041666666668,31.67534722222222,28.582618229166666,2.624252114120968
988,0.988988988988989,14.229166666666666,30.43402777777778,29.986979166666668,26.95659739583333,3.0953636656314827
989,0.98998998998999,21.9140625,37.30555555555556,36.959201388888886,34.00831736111111,12.445376679152986
990,0.990990990990991,75.18576388888889,87.11024305555556,86.96006944444444,84.56425625,88.42210058661057
991,0.991991991991992,68.57378472222223,80.71267361111111,80.38107638888889,78.10800451388889,11.310628316851869
992,0.992992992992993,54.646701388888886,67.79861111111111,67.72916666666667,64.99750121527778,22.821206805223483
993,0.993993993993994,57.3828125,70.43663194444444,69.89930555555556,67.62259496527778,4.37663806208764
994,0.994994994994995,60.82378472222222,73.49826388888889,73.52083333333333,70.80529913194444,5.859124801756965
995,0.995995995995996,47.580729166666664,61.28819444444444,60.60503472222222,58.32466319444444,22.16488596966983
996,0.996996996996997,51.94097222222222,65.15711805555556,65.1875,62.34955902777777,7.414801240368652
997,0.997997997997998,63.334201388888886,75.82638888888889,75.26822916666667,73.13025069444444,18.581176267687827
998,0.998998998998999,64.17013888888889,76.59375,76.61284722222223,73.95386909722221,1.7594409038322205
999,1.0,16.37673611111111,31.89670138888889,31.444444444444443,28.564503819444443,79.51238968310844
