y,pct,r,g,b,luma,jump
0,0.0,6.5,25.0,21.250868055555557,20.796212673611112,0.0
1,0.001001001001001001,6.749131944444445,25.0,22.0,20.903265451388886,0.7894715928580215
2,0.002002002002002002,6.5,25.625,21.5,21.2612,0.8382670968985183
3,0.003003003003003003,6.5,26.0,22.0,21.5655,0.625
4,0.004004004004004004,6.5,25.5,21.5,21.171799999999998,0.7071067811865476
5,0.005005005005005005,6.625868055555555,25.749131944444443,22.749131944444443,21.466926041666664,1.279937540579055
6,0.006006006006006006,6.5,25.752604166666668,22.0,21.388562500000003,0.7596403714413872
7,0.007007007007007007,7.5,26.5,22.5,22.1718,1.3448421958296914
8,0.008008008008008008,7.251736111111111,26.5,22.5,22.119019097222225,0.24826388888888928
9,0.009009009009009009,7.375868055555555,26.250868055555557,22.250868055555557,21.949243055555556,0.37355346487068836
10,0.01001001001001001,37.0,59.0,65.0,54.75599999999999,61.462046163303135
11,0.011011011011011011,51.75,64.75,61.75,61.769600000000004,16.161296358893985
12,0.012012012012012012,23.625,38.625,35.625,35.2194,46.433251824527645
13,0.013013013013013013,23.0,38.0,35.0,34.5944,1.0825317547305484
14,0.014014014014014014,23.0,38.0,35.0,34.5944,0.0
15,0.015015015015015015,22.5,37.5,34.5,34.09439999999999,0.8660254037844386
16,0.016016016016016016,22.0,37.0,34.0,33.5944,0.8660254037844386
17,0.01701701701701702,22.0,37.0,34.0,33.5944,0.0
18,0.018018018018018018,21.625,36.625,33.625,33.2194,0.649519052838329
19,0.01901901901901902,21.0,36.0,33.0,32.5944,1.0825317547305484
20,0.02002002002002002,21.0,36.0,33.0,32.5944,0.0
21,0.021021021021021023,20.5,35.5,32.5,32.0944,0.8660254037844386
22,0.022022022022022022,20.0,35.0,32.0,31.5944,0.8660254037844386
23,0.023023023023023025,20.0,35.0,32.0,31.5944,0.0
24,0.024024024024024024,19.75,34.75,31.75,31.344399999999997,0.4330127018922193
25,0.025025025025025027,19.0,34.0,32.0,30.6666,1.0897247358851685
26,0.026026026026026026,19.0,34.0,32.0,30.6666,0.0
27,0.02702702702702703,18.155381944444443,55.130208333333336,41.603298611111114,46.292717361111116,23.22546938350243
28,0.028028028028028028,17.69878472222222,55.075520833333336,41.34027777777778,46.137542187499996,0.5297657074260856
29,0.02902902902902903,17.6953125,55.359375,41.473958333333336,46.34946822916666,0.31377656890664946
30,0.03003003003003003,17.6953125,55.45659722222222,41.51996527777778,46.422323263888885,0.10755835360836023
31,0.031031031031031032,16.79513888888889,54.690104166666664,40.682291666666664,45.622270486111105,1.4489724680295502
32,0.03203203203203203,16.794270833333332,54.763020833333336,40.71788194444444,45.67680555555555,0.08114346351078096
33,0.03303303303303303,16.34548611111111,54.3515625,40.28559027777778,45.25590746527777,0.7467139827530788
34,0.03403403403403404,15.89670138888889,53.932291666666664,40.74913194444444,44.89410104166666,0.7694586638151624
35,0.035035035035035036,16.243055555555557,54.638888888888886,41.611111111111114,45.53532916666666,1.16715420017532
36,0.036036036036036036,17.518229166666668,57.192708333333336,45.065104166666664,47.882301041666665,4.480862586726206
37,0.037037037037037035,18.10590277777778,58.83246527777778,47.609375,49.363690972222216,3.08341972222415
38,0.03803803803803804,17.835069444444443,60.5,47.6640625,50.50268107638888,1.69027023487886
39,0.03903903903903904,16.90190972222222,58.97309027777778,45.627604166666664,49.065213194444446,2.710978220199746
40,0.04004004004004004,16.197916666666668,57.661458333333336,43.896701388888886,47.852493923611114,2.2829824804576107
41,0.04104104104104104,15.31423611111111,56.685763888888886,42.935763888888886,46.89742708333333,1.6298073052029776
42,0.042042042042042045,15.288194444444445,56.892361111111114,43.434895833333336,47.07568628472222,0.5408264773451981
43,0.043043043043043044,20.50173611111111,61.19878472222222,49.08680555555556,51.672107291666656,8.813080309208281
44,0.044044044044044044,23.942708333333332,63.64930555555556,52.51215277777778,54.40358055555556,5.438597777138067
45,0.04504504504504504,21.239583333333332,61.782986111111114,50.10243055555556,52.32012256944444,4.073916324939433
46,0.04604604604604605,44.060763888888886,82.74826388888889,71.10416666666667,73.68259756944444,37.43557230668977
47,0.04704704704704705,60.99652777777778,90.95486111111111,83.14322916666667,84.02171961805556,22.340710873803566
48,0.04804804804804805,50.822916666666664,80.32552083333333,73.77517361111111,73.58033211805554,17.442640358411566
49,0.04904904904904905,48.861979166666664,81.24565972222223,73.62152777777777,73.81042690972222,2.1715290686179283
50,0.05005005005005005,50.12847222222222,84.55208333333333,77.70920138888889,76.73956753472221,5.4079124721890235
51,0.05105105105105105,46.701388888888886,78.13368055555556,72.44965277777777,71.04078854166667,8.97795332935282
52,0.05205205205205205,53.96180555555556,85.91753472222223,78.06336805555556,78.55667586805555,12.033945117105239
53,0.05305305305305305,54.57899305555556,83.14670138888889,73.26215277777777,76.35954218749998,5.5776434015482055
54,0.05405405405405406,19.90972222222222,46.420138888888886,38.13975694444444,40.186180729166665,61.517326195591224
55,0.055055055055055056,16.022569444444443,45.22222222222222,35.87847222222222,38.33975729166666,4.65385535368461
56,0.056056056056056056,17.43402777777778,54.74131944444444,41.01909722222222,45.81904479166666,10.910153616859843
57,0.057057057057057055,17.08159722222222,54.955729166666664,40.98524305555556,45.89501961805555,0.413914157855591
58,0.05805805805805806,14.606770833333334,52.853298611111114,38.98350694444444,43.72068784722222,3.814698855034389
59,0.05905905905905906,15.34375,53.209201388888886,39.231770833333336,44.1498359375,0.8552426777569416
60,0.06006006006006006,14.105902777777779,52.900173611111114,38.704861111111114,43.627610069444444,1.3803614629414414
61,0.06106106106106106,13.54079861111111,51.943576388888886,37.861111111111114,42.76239184027777,1.395111116451773
62,0.062062062062062065,12.307291666666666,51.251736111111114,36.716145833333336,41.922677604166665,1.8196504717294033
63,0.06306306306306306,11.858506944444445,51.17621527777778,36.716145833333336,41.773253472222216,0.45509463100264974
64,0.06406406406406406,11.572916666666666,51.92534722222222,36.49131944444444,42.23208368055555,0.8326508164225387
65,0.06506506506506507,11.355034722222221,51.682291666666664,36.705729166666664,42.02740902777777,0.39053818479723945
66,0.06606606606606606,11.02951388888889,51.64496527777778,36.239583333333336,41.89785173611111,0.5697797909504466
67,0.06706706706706707,11.744791666666666,51.607638888888886,36.447048611111114,42.03820295138889,0.7456925641131272
68,0.06806806806806807,11.405381944444445,50.291666666666664,36.182291666666664,41.005745659722216,1.3845858907381003
69,0.06906906906906907,11.403645833333334,50.50086805555556,36.12065972222222,41.15054756944445,0.21809798662719193
70,0.07007007007007007,11.40017361111111,50.28125,36.05815972222222,40.988226041666664,0.22836461339963396
71,0.07107107107107107,10.9453125,50.28038194444444,35.71180555555556,40.865894965277775,0.571717231408186
72,0.07207207207207207,11.159722222222221,49.736111111111114,35.62586805555556,40.516011284722225,0.5912592687704913
73,0.07307307307307308,10.5,27.875,24.5,23.937399999999997,24.538303780263035
74,0.07407407407407407,10.0,28.0,24.5,23.920499999999997,0.5153882032022076
75,0.07507507507507508,10.375,27.5,24.5,23.642625,0.625
76,0.07607607607607608,10.0,27.75,24.25,23.72365,0.5153882032022076
77,0.07707707707707707,10.0,27.5,24.5,23.5629,0.3535533905932738
78,0.07807807807807808,10.0,27.5,24.0,23.5268,0.5
79,0.07907907907907907,8.5,27.5,24.25,23.225949999999997,1.5206906325745548
80,0.08008008008008008,8.75,27.25,24.0,23.082250000000002,0.4330127018922193
81,0.08108108108108109,8.5,27.5,24.0,23.2079,0.3535533905932738
82,0.08208208208208208,8.0,27.0,24.0,22.744,0.7071067811865476
83,0.08308308308308308,8.375,27.25,23.75,22.984475,0.5153882032022076
84,0.08408408408408409,8.0,26.41579861111111,23.875,22.317154166666665,0.9231153542348605
85,0.08508508508508508,8.0,26.424479166666668,23.5,22.296287500000002,0.3751004559378102
86,0.08608608608608609,8.0,26.46875,23.5,22.327949999999998,0.04427083333333215
87,0.08708708708708708,7.5,26.21875,23.5,22.042849999999998,0.5590169943749475
88,0.08808808808808809,7.75,25.47829861111111,23.25,21.548379166666663,0.8205292556073093
89,0.0890890890890891,50.75,73.0,78.26128472222223,68.64951475694444,84.46036673898666
90,0.09009009009009009,11.557291666666666,36.59027777777778,32.3671875,30.9633578125,70.48407209181309
91,0.09109109109109109,11.09201388888889,36.865451388888886,32.61284722222222,31.078980555555553,0.5937614216737662
92,0.0920920920920921,11.772569444444445,37.43402777777778,32.36371527777778,31.612325173611108,0.9211415200402884
93,0.09309309309309309,11.440972222222221,37.091145833333336,32.61371527777778,31.3146484375,0.5385394559468196
94,0.0940940940940941,11.86111111111111,38.01909722222222,32.68055555555556,32.072466666666664,1.0208222611360966
95,0.09509509509509509,11.611979166666666,38.0,33.23350694444444,32.04576597222222,0.60678387265436
96,0.0960960960960961,11.981770833333334,39.232638888888886,33.107638888888886,32.99687934027778,1.2930534693301263
97,0.0970970970970971,11.605902777777779,38.357638888888886,33.357638888888886,32.30921979166666,0.9845820408615598
98,0.0980980980980981,11.856770833333334,38.729166666666664,32.981770833333336,32.60113333333333,0.5850166374948917
99,0.0990990990990991,11.606770833333334,38.35503472222222,33.35503472222222,32.30735381944444,0.5846371888635157
100,0.1001001001001001,12.854166666666666,39.854166666666664,33.854166666666664,33.68076666666666,2.0130885846966655
101,0.1011011011011011,12.6015625,39.353298611111114,34.353298611111114,33.30487951388889,0.7508730732009611
102,0.1021021021021021,12.852430555555555,39.30815972222222,34.978298611111114,33.37105572916667,0.6749794816054404
103,0.1031031031031031,12.60329861111111,38.912326388888886,35.3515625,33.06193993055555,0.5983950904451873
104,0.1041041041041041,12.850694444444445,39.88628472222222,34.32378472222222,33.736905729166665,1.4374027598115888
105,0.10510510510510511,12.723958333333334,39.4140625,34.79340277777778,33.40613472222222,0.6779358281753836
106,0.1061061061061061,12.848958333333334,40.25434027777778,34.53038194444444,34.014686284722224,0.8893096775558693
107,0.10710710710710711,12.59982638888889,40.0,34.767361111111114,33.7969265625,0.4276854312187609
108,0.10810810810810811,12.847222222222221,40.2421875,34.380208333333336,33.99478298611111,0.5193715017672743
109,0.1091091091091091,12.847222222222221,39.736979166666664,34.75086805555556,33.66021961805556,0.6265972308806521
110,0.11011011011011011,12.846354166666666,40.23350694444444,34.49652777777778,33.99678836805555,0.5578795250996976
111,0.1111111111111111,12.597222222222221,39.982638888888886,34.73871527777778,33.78188802083333,0.4285513880471582
112,0.11211211211211211,12.844618055555555,40.228298611111114,34.60850694444444,34.00077916666667,0.37216610208674605
113,0.11311311311311312,12.590277777777779,43.13368055555556,36.567708333333336,36.16608993055556,3.5134603032093605
114,0.11411411411411411,31.393229166666668,61.8203125,61.50434027777778,55.32870138888889,36.39473598053346
115,0.11511511511511512,18.141493055555557,39.208333333333336,36.26649305555556,34.51712222222222,36.38487383796353
116,0.11611611611611612,18.32204861111111,39.79600694444444,36.42534722222222,34.98728177083333,0.6349765571308155
117,0.11711711711711711,18.14670138888889,39.682291666666664,36.29253472222222,34.85908472222222,0.24762264213390595
118,0.11811811811811812,18.139756944444443,39.81944444444444,36.307291666666664,34.95676545138889,0.1381190688143353
119,0.11911911911911911,17.999131944444443,39.708333333333336,36.23090277777778,34.84188663194445,0.19482384859924962
120,0.12012012012012012,18.10590277777778,39.80555555555556,36.3046875,34.93944670138889,0.1621615138617432
121,0.12112112112112113,18.303819444444443,39.815104166666664,36.333333333333336,34.99042118055555,0.20020680978916752
122,0.12212212212212212,18.22222222222222,50.37065972222222,41.095486111111114,42.866234375,11.580350179160853
123,0.12312312312312312,18.388020833333332,55.104166666666664,43.28559027777778,46.44501284722221,5.218250035538813
124,0.12412412412412413,18.321180555555557,53.33506944444444,42.408854166666664,45.10224392361111,1.9755603794706023
125,0.12512512512512514,18.424479166666668,48.955729166666664,40.365451388888886,41.84456736111111,4.8337135603854495
126,0.12612612612612611,18.413194444444443,48.13628472222222,40.056423611111114,41.23378975694444,0.8758508491317241
127,0.12712712712712712,18.485243055555557,50.3046875,40.990451388888886,42.86738576388888,2.3621112375791933
128,0.12812812812812813,18.63628472222222,53.372395833333336,42.5234375,45.204203819444444,3.4327386181199135
129,0.12912912912912913,18.50347222222222,52.02690972222222,41.83506944444444,44.163976041666665,1.5171758682692322
130,0.13013013013013014,18.640625,47.66840277777778,39.98350694444444,40.94224774305555,4.737475842748841
131,0.13113113113113112,18.62934027777778,48.592013888888886,40.111111111111114,41.609628298611106,0.932452493628615
132,0.13213213213213212,18.572916666666668,49.08506944444444,40.348958333333336,41.96743854166667,0.5503259996346199
133,0.13313313313313313,18.536458333333332,54.455729166666664,42.65277777777778,45.96711909722222,5.844048176954893
134,0.13413413413413414,19.635416666666668,54.24565972222222,43.278645833333336,46.09570364583333,1.282009911372324
135,0.13513513513513514,19.819444444444443,41.78993055555556,37.51215277777778,36.81014965277778,13.727035275547117
136,0.13613613613613615,19.719618055555557,41.401041666666664,37.45399305555556,36.50659409722222,0.40568760038827734
137,0.13713713713713713,19.852430555555557,41.67274305555556,37.427083333333336,36.72720798611111,0.3036197260233276
138,0.13813813813813813,19.74652777777778,41.55902777777778,37.404513888888886,36.621734375,0.15702210851869874
139,0.13913913913913914,19.919270833333332,41.731770833333336,37.40625,36.78213072916667,0.2443017408188683
140,0.14014014014014015,19.8359375,41.677951388888886,37.623263888888886,36.741590798611114,0.23861266734067393
141,0.14114114114114115,19.971354166666668,41.95225694444444,37.502604166666664,36.95785208333333,0.3288464383059332
142,0.14214214214214213,20.119791666666668,42.001736111111114,37.84461805555556,37.04949079861111,0.37610554307691635
143,0.14314314314314314,20.182291666666668,42.11284722222222,37.708333333333336,37.13240520833333,0.18661579387482952
144,0.14414414414414414,20.258680555555557,42.158854166666664,38.10590277777778,37.21025416666666,0.4074473762814728
145,0.14514514514514515,20.26128472222222,42.26909722222222,37.77777777777778,37.265963020833325,0.3461593976873276
146,0.14614614614614616,20.405381944444443,42.252604166666664,38.17274305555556,37.31331874999999,0.4207536107792739
147,0.14714714714714713,20.460069444444443,42.407986111111114,38.013888888888886,37.42460520833333,0.22884256068955083
148,0.14814814814814814,20.47829861111111,42.310763888888886,38.309895833333336,37.38031909722222,0.31209705889439143
149,0.14914914914914915,20.657118055555557,42.5625,38.348958333333336,37.60119809027777,0.31124482687270116
150,0.15015015015015015,20.54861111111111,42.462673611111114,38.548611111111114,37.521148611111116,0.2481940704079134
151,0.15115115115115116,20.827256944444443,42.70746527777778,38.67274305555556,37.76442604166667,0.39112044198050894
152,0.15215215215215216,20.733506944444443,42.54774305555556,38.701388888888886,37.6323296875,0.18740553497419848
153,0.15315315315315314,20.975694444444443,42.78472222222222,38.59461805555556,37.84559739583333,0.3552659868900625
154,0.15415415415415415,20.875868055555557,42.670138888888886,38.790798611111114,37.75658854166666,0.24815611734241091
155,0.15515515515515516,21.063368055555557,42.86631944444444,38.778645833333336,37.935881944444446,0.27164452946047546
156,0.15615615615615616,21.140625,42.85503472222222,39.154513888888886,37.971373611111105,0.38389161961110124
157,0.15715715715715717,21.25607638888889,42.87413194444444,38.935763888888886,37.99378315972222,0.24808323118054243
158,0.15815815815815815,21.354166666666668,42.96440972222222,39.28125,38.10414791666666,0.3703139650697728
159,0.15915915915915915,21.39236111111111,42.96875,38.927083333333336,38.08980138888889,0.3562466580550392
160,0.16016016016016016,21.422743055555557,43.10069444444444,39.13194444444444,38.20541822916666,0.24556154791346202
161,0.16116116116116116,21.64236111111111,43.075520833333336,39.036458333333336,38.22721076388889,0.24079742199097187
162,0.16216216216216217,21.5625,43.11631944444444,39.157986111111114,38.248185763888884,0.15103418324373347
163,0.16316316316316315,21.903645833333332,43.36024305555556,39.40711805555556,38.51315486111111,0.4877970206969787
164,0.16416416416416416,21.705729166666668,43.24913194444444,39.4296875,38.393240625,0.22809223086137914
165,0.16516516516516516,22.140625,43.46961805555556,39.61284722222222,38.65661527777778,0.5208608210339086
166,0.16616616616616617,21.913194444444443,43.55815972222222,39.42621527777778,38.65811371527777,0.3072389412550656
167,0.16716716716716717,22.22048611111111,43.717013888888886,39.50434027777778,38.84269704861111,0.3546354893339623
168,0.16816816816816818,22.122395833333332,43.778645833333336,39.56944444444444,38.870622743055556,0.13288623588576182
169,0.16916916916916916,22.41753472222222,43.85850694444444,39.579861111111114,38.99123802083333,0.30593016808891743
170,0.17017017017017017,22.569444444444443,44.307291666666664,40.04340277777778,39.37797256944444,0.6628387189519165
171,0.17117117117117117,22.741319444444443,44.205729166666664,40.01996527777778,39.34018350694444,0.20101063016044698
172,0.17217217217217218,22.84982638888889,44.545138888888886,40.30555555555556,39.62661753472222,0.45665580396270494
173,0.17317317317317318,22.94357638888889,44.572048611111114,40.07899305555556,39.64943680555555,0.24666528344363237
174,0.17417417417417416,22.9765625,44.90277777777778,40.239583333333336,39.90458177083333,0.3691329063183135
175,0.17517517517517517,23.106770833333332,44.864583333333336,40.31944444444444,39.91071336805556,0.15745101690292246
176,0.17617617617617617,23.16232638888889,45.18055555555556,40.415798611111114,40.155464583333334,0.33497610422709884
177,0.17717717717717718,23.70659722222222,45.40972222222222,40.979166666666664,40.47575173611111,0.8161688962150612
178,0.1781781781781782,23.60590277777778,45.50694444444444,40.98524305555556,40.52431614583333,0.14010158506502007
179,0.17917917917917917,23.952256944444443,45.62934027777778,41.27777777777778,40.70660954861111,0.46959398685497816
180,0.18018018018018017,23.755208333333332,45.895833333333336,41.026041666666664,40.8371375,0.4161943938083528
181,0.18118118118118118,24.098958333333332,45.924479166666664,41.220486111111114,40.944745138888884,0.3959713225003443
182,0.18218218218218218,23.98871527777778,46.07725694444444,41.25434027777778,41.03301840277778,0.19141756785006814
183,0.1831831831831832,24.286458333333332,46.076388888888886,41.395833333333336,41.10591354166666,0.32965431200342726
184,0.1841841841841842,24.48263888888889,46.541666666666664,41.87152777777778,41.514733333333325,0.6937257565834082
185,0.18518518518518517,24.635416666666668,46.307291666666664,41.9453125,41.38491614583334,0.28933868604306384
186,0.18618618618618618,24.84722222222222,46.779513888888886,42.154513888888886,41.78278368055555,0.5582299182574583
187,0.1871871871871872,24.991319444444443,46.67100694444444,42.239583333333336,41.74195659722222,0.19943564581818626
188,0.1881881881881882,25.072916666666668,47.18315972222222,42.42274305555556,42.13881996527778,0.5500055075218785
189,0.1891891891891892,25.50173611111111,47.21440972222222,42.838541666666664,42.28235763888888,0.598123033694211
190,0.19019019019019018,25.39670138888889,47.3828125,42.59809027777778,42.36310833333334,0.31178303169698834
191,0.19119119119119118,25.90798611111111,47.57725694444444,43.11284722222222,42.64803958333333,0.7511294302628152
192,0.1921921921921922,25.80902777777778,47.744791666666664,43.04774305555556,42.74212135416666,0.20518086510088746
193,0.1931931931931932,26.390625,48.057291666666664,43.62065972222222,43.13063350694444,0.8741539257139133
194,0.1941941941941942,27.177083333333332,49.0859375,44.10850694444444,44.068744618055554,1.3836993433305562
195,0.19519519519519518,27.825520833333332,49.53125,44.7578125,44.57196979166666,1.0199863325250054
196,0.1961961961961962,28.125,50.02430555555556,44.96006944444444,45.00287534722222,0.6113095972644004
197,0.1971971971971972,28.18142361111111,49.92534722222222,45.06597222222222,44.951742187499995,0.1555370501455489
198,0.1981981981981982,28.532118055555557,50.34809027777778,45.333333333333336,45.34794913194444,0.6108848075694937
199,0.1991991991991992,28.399305555555557,50.057291666666664,45.255208333333336,45.10609340277777,0.3290995411807848
200,0.2002002002002002,28.77517361111111,50.55555555555556,45.435763888888886,45.55539739583334,0.649726101368699
201,0.2012012012012012,28.729166666666668,50.49565972222222,45.41059027777778,45.50096128472222,0.07961068071673573
202,0.2022022022022022,29.0,50.92100694444444,45.607638888888886,45.87697569444444,0.5413862844932626
203,0.2032032032032032,29.444444444444443,51.193576388888886,46.088541666666664,46.20112743055555,0.7092901013807151
204,0.2042042042042042,29.473958333333332,51.37065972222222,45.934895833333336,46.32295885416666,0.23629773313022698
205,0.20520520520520522,29.8828125,51.626736111111114,46.338541666666664,46.6221703125,0.62902051263407
206,0.2062062062062062,35.08940972222222,56.29774305555556,51.07725694444444,51.411932291666666,8.448809560721847
207,0.2072072072072072,49.28819444444444,68.72309027777777,63.908854166666664,64.24364357638888,22.817638538072636
208,0.2082082082082082,54.009548611111114,72.92708333333333,68.04600694444444,68.55280173611109,7.555182055049003
209,0.2092092092092092,57.31944444444444,75.88975694444444,71.12847222222223,71.59794374999998,5.406887972040588
210,0.21021021021021022,57.138020833333336,75.83506944444444,71.03298611111111,71.51336649305556,0.2121858778052119
211,0.21121121121121122,48.1484375,67.92621527777777,62.893229166666664,63.358078125,14.478198294372712
212,0.2122122122122122,46.59722222222222,66.47916666666667,61.435763888888886,61.88813159722223,2.573795554595899
213,0.2132132132132132,45.41753472222222,65.45486111111111,60.39409722222222,60.82953836805555,1.877747031216577
214,0.21421421421421422,44.752604166666664,64.95138888888889,59.794270833333336,60.28478333333333,1.0273308226020923
215,0.21521521521521522,44.318576388888886,64.68315972222223,59.38194444444444,59.970901562499996,0.6560030858978947
216,0.21621621621621623,42.46527777777778,63.037326388888886,57.73003472222222,58.28052239583332,2.978638755107742
217,0.2172172172172172,42.697048611111114,63.353298611111114,57.9609375,58.57245138888889,0.4548321197822076
218,0.2182182182182182,43.223958333333336,63.76996527777778,58.38194444444444,59.01286909722222,0.7927747560018886
219,0.21921921921921922,47.309895833333336,67.46006944444444,62.04600694444444,62.78524722222222,6.613403663671467
220,0.22022022022022023,54.01649305555556,73.32291666666667,68.11979166666667,68.84270538194444,10.781571532208924
221,0.22122122122122123,55.126736111111114,74.44444444444444,69.13107638888889,69.95387447916667,1.8743428149985124
222,0.2222222222222222,55.270833333333336,74.54253472222223,69.24652777777777,70.06299930555555,0.209080690746554
223,0.22322322322322322,52.99652777777778,72.70572916666667,67.22222222222223,68.11964375,3.5558590229652896
224,0.22422422422422422,43.72222222222222,64.515625,58.880208333333336,59.68807048611111,14.92245775738952
225,0.22522522522522523,42.598958333333336,63.653645833333336,57.838541666666664,58.75756875,1.7577824928851675
226,0.22622622622622623,42.451388888888886,63.279513888888886,57.799479166666664,58.45579600694444,0.4040758984320626
227,0.22722722722722724,42.34722222222222,63.3828125,57.657986111111114,58.497313541666664,0.20381752199547307
228,0.22822822822822822,44.174479166666664,64.83420138888889,59.341145833333336,60.04534583333333,2.8772251038668735
229,0.22922922922922923,46.65277777777778,67.3125,61.481770833333336,62.49926440972222,4.1068483539443665
230,0.23023023023023023,47.13368055555556,67.68576388888889,61.95399305555556,62.902557118055554,0.7704461302280199
231,0.23123123123123124,47.888020833333336,68.50520833333333,62.565104166666664,63.69311875,1.2704232532239679
232,0.23223223223223224,48.59027777777778,68.94618055555556,63.25347222222222,64.20750208333334,1.0777160556943532
233,0.23323323323323322,50.42621527777778,70.62326388888889,64.93142361111111,65.91842048611112,2.9997993056744385
234,0.23423423423423423,57.247395833333336,76.51128472222223,71.11024305555556,72.02582673611111,10.925891415912087
235,0.23523523523523523,60.09809027777778,79.15277777777777,73.67100694444444,74.7059673611111,4.654186940032802
236,0.23623623623623624,58.002604166666664,77.27864583333333,71.78993055555556,72.78427413194443,3.382584953535083
237,0.23723723723723725,55.072916666666664,74.95920138888889,69.09375,70.30789166666666,4.607849928836258
238,0.23823823823823823,41.701388888888886,63.15711805555556,57.10243055555556,58.15848159722221,21.49136264031526
239,0.23923923923923923,35.830729166666664,58.1875,51.828125,52.97530364583333,9.326309467607768
240,0.24024024024024024,36.31163194444444,58.40625,52.46006944444444,53.279619965277774,0.8236946187990904
241,0.24124124124124124,36.56944444444444,58.778645833333336,52.525173611111114,53.605468923611106,0.4575855049688979
242,0.24224224224224225,37.049479166666664,59.026041666666664,52.963541666666664,53.916111979166665,0.6955606264167137
243,0.24324324324324326,37.06336805555556,59.31684027777778,52.90972222222222,54.12315815972222,0.2960629427318278
244,0.24424424424424424,37.49652777777778,59.700520833333336,53.45225694444444,54.528827256944446,0.7932099586388184
245,0.24524524524524524,37.66840277777778,59.931423611111114,53.533854166666664,54.73640086805556,0.29919093416224496
246,0.24624624624624625,37.96788194444444,60.03125,53.89930555555556,54.897851562499994,0.4829159314277957
247,0.24724724724724725,38.44184027777778,60.459201388888886,54.171875,55.32436545138888,0.6943147665380536
248,0.24824824824824826,38.9140625,60.723958333333336,54.70225694444444,55.65240763888889,0.7578885629066603
249,0.24924924924924924,39.326388888888886,61.161458333333336,55.020833333333336,56.07596944444444,0.6803750557829378
250,0.2502502502502503,40.04340277777778,61.723958333333336,55.6953125,56.679403993055544,1.1337712790183616
251,0.25125125125125125,41.286458333333336,62.85503472222222,56.84288194444444,57.83547795138888,2.0350519751401888
252,0.25225225225225223,41.595486111111114,62.94444444444444,57.107638888888886,57.98423854166666,0.4166395390474657
253,0.25325325325325326,41.59461805555556,63.114583333333336,56.9921875,58.09740173611111,0.20561375982450028
254,0.25425425425425424,41.661458333333336,63.15538194444444,57.07725694444444,58.14693315972222,0.1156242179653212
255,0.2552552552552553,41.493923611111114,63.1328125,56.829861111111114,58.07731163194444,0.2996363818418915
256,0.25625625625625625,41.830729166666664,63.479166666666664,57.131076388888886,58.41837673611111,0.5693240154667482
257,0.25725725725725723,41.6640625,63.58159722222222,56.8203125,58.43376458333333,0.36721109886077896
258,0.25825825825825827,42.06684027777778,64.05034722222223,57.240451388888886,58.88497916666666,0.747310636033236
259,0.25925925925925924,43.603298611111114,65.42013888888889,58.58680555555556,60.28851197916666,2.45961439299732
260,0.2602602602602603,45.17881944444444,66.76475694444444,59.89756944444444,61.67977569444444,2.45119676566539
261,0.26126126126126126,45.470486111111114,67.13888888888889,60.243923611111114,62.03436996527777,0.5873715732529038
262,0.26226226226226224,45.841145833333336,67.43315972222223,60.5703125,62.34720000000001,0.5749031742986602
263,0.26326326326326327,45.459201388888886,67.16493055555556,60.25694444444444,62.0515359375,0.5621636618773462
264,0.26426426426426425,45.079861111111114,67.00954861111111,59.740451388888886,61.822468229166674,0.6593994778895177
265,0.2652652652652653,46.62847222222222,68.39409722222223,61.1875,63.24640902777778,2.5316241650183975
266,0.26626626626626626,47.68663194444444,69.33333333333333,62.02690972222222,64.20372083333334,1.6451368185988964
267,0.2672672672672673,47.63368055555556,69.26302083333333,61.96440972222222,64.13766336805554,0.10795344941923815
268,0.2682682682682683,48.46961805555556,69.98090277777777,62.62413194444444,64.87644479166666,1.2842816671429247
269,0.26926926926926925,48.67274305555556,70.12239583333333,62.94618055555556,65.04407690972222,0.40619620667116735
270,0.2702702702702703,48.935763888888886,70.35677083333333,62.99652777777778,65.27125520833333,0.3558741943128953
271,0.27127127127127126,55.04253472222222,75.69270833333333,68.53298611111111,70.78554947916666,9.819228579246595
272,0.2722722722722723,80.23871527777777,97.8515625,91.08072916666667,93.61821701388888,40.42601946107371
273,0.2732732732732733,86.421875,103.2734375,96.72829861111111,99.21823628472221,9.976133183551571
274,0.27427427427427425,90.59461805555556,106.90972222222223,100.34288194444444,102.96700520833332,6.610564564571244
275,0.2752752752752753,90.49305555555556,106.68489583333333,100.2421875,102.7773470486111,0.26646053683246956
276,0.27627627627627627,75.87065972222223,93.83767361111111,86.85503472222223,89.51373993055556,23.623747336724698
277,0.2772772772772773,74.33246527777777,92.51649305555556,85.53732638888889,88.14667291666666,2.4182463606990123
278,0.2782782782782783,75.36111111111111,93.56163194444444,86.08072916666667,89.15208003472222,1.563877912881487
279,0.27927927927927926,75.70572916666667,93.93142361111111,86.54166666666667,89.52310052083334,0.6840839567313779
280,0.2802802802802803,75.63628472222223,93.88628472222223,86.29947916666667,89.45856736111111,0.25595865937797546
281,0.28128128128128127,75.18663194444444,93.51215277777777,85.98524305555556,89.07270416666665,0.664008031535241
282,0.2822822822822823,73.97482638888889,92.3828125,84.63107638888889,87.90959930555556,2.1395442338492585
283,0.2832832832832833,74.08767361111111,92.43402777777777,84.82378472222223,87.98413333333332,0.22911569561521114
284,0.28428428428428426,82.94618055555556,100.21614583333333,92.59114583333333,95.99402621527777,14.119716900341
285,0.2852852852852853,93.5703125,109.71180555555556,102.08680555555556,105.72959913194444,17.12329660706232
286,0.2862862862862863,95.61024305555556,111.46440972222223,103.77517361111111,107.53865104166668,3.1754566171697314
287,0.2872872872872873,96.79166666666667,112.54513888888889,104.91927083333333,108.64536302083333,1.9679165974378636
288,0.2882882882882883,91.0859375,107.58506944444444,99.66493055555556,103.50551996527777,9.206830397685184
289,0.28928928928928926,79.00607638888889,97.02170138888889,88.87065972222223,92.60307430555554,19.339701961618147
290,0.2902902902902903,79.53298611111111,97.27430555555556,88.90885416666667,92.89851545138889,0.5855779503841391
291,0.2912912912912913,80.37586805555556,98.07465277777777,89.66753472222223,93.70489722222221,1.3880208333333288
292,0.2922922922922923,82.14322916666667,99.52604166666667,90.88107638888889,95.2062892361111,2.5889724565151626
293,0.2932932932932933,83.97482638888889,101.21527777777777,92.62586805555556,96.92980243055554,3.041802916627464
294,0.29429429429429427,88.90711805555556,105.42621527777777,96.82725694444444,101.29341041666665,7.7272999365661175
295,0.2952952952952953,90.83506944444444,107.08333333333333,98.57204861111111,103.01443767361108,3.0833966284012626
296,0.2962962962962963,93.59548611111111,109.25607638888889,100.58854166666667,105.30083888888888,4.050550185120513
297,0.2972972972972973,95.88975694444444,111.28038194444444,102.64409722222223,107.38479531249999,3.6860277102746277
298,0.2982982982982983,99.5703125,114.453125,105.59722222222223,110.64964288194443,5.686276018602324
299,0.2992992992992993,108.92708333333333,122.72916666666667,113.96267361111111,119.16190295138888,15.034054776931708
300,0.3003003003003003,113.35503472222223,126.53298611111111,117.69444444444444,123.09321093749999,6.928341029482749
301,0.3013013013013013,110.12934027777777,123.96267361111111,114.99739583333333,120.37441388888888,4.928050548368237
302,0.3023023023023023,105.36805555555556,119.66579861111111,110.43923611111111,115.95994062499999,7.868277259030758
303,0.3033033033033033,85.72135416666667,102.49392361111111,92.79513888888889,98.22782309027777,31.498894159430797
304,0.30430430430430433,76.47482638888889,94.26996527777777,84.29340277777777,89.76641093749998,15.013703191304597
305,0.3053053053053053,76.22135416666667,94.26822916666667,84.18576388888889,89.70350954861111,0.2753857511224783
306,0.3063063063063063,76.01302083333333,93.84027777777777,83.61458333333333,89.3119078125,0.7435000982343413
307,0.3073073073073073,76.35763888888889,94.41319444444444,84.09982638888889,89.82995815972222,0.8261089117811503
308,0.3083083083083083,76.26302083333333,94.21527777777777,83.99305555555556,89.66058350694443,0.2439745770203409
309,0.30930930930930933,76.11371527777777,94.32118055555556,84.07552083333333,89.71053680555555,0.2007686960155134
310,0.3103103103103103,76.14149305555556,94.06857638888889,83.8984375,89.52299444444444,0.30974017643837926
311,0.3113113113113113,76.51736111111111,94.61892361111111,84.23177083333333,90.02057899305555,0.745164392135015
312,0.3123123123123123,76.92361111111111,94.89149305555556,84.47395833333333,90.31937534722222,0.5458827252267672
313,0.3133133133133133,77.31163194444444,95.609375,84.77430555555556,90.93698281249999,0.8695533952303525
314,0.31431431431431434,78.15538194444444,96.38975694444444,85.60416666666667,91.73440920138889,1.4175963831251341
315,0.3153153153153153,78.44357638888889,97.05989583333333,85.97916666666667,92.3020376736111,0.8202238524999571
316,0.3163163163163163,78.74392361111111,97.33072916666667,86.2734375,92.58083784722221,0.5001544478376154
317,0.3173173173173173,78.79861111111111,97.45225694444444,86.35069444444444,92.68495902777777,0.1540401210488525
318,0.3183183183183183,78.99826388888889,97.39409722222223,86.46788194444444,92.6942703125,0.2386979160353004
319,0.31931931931931934,78.97916666666667,97.76128472222223,86.51388888888889,92.95614444444443,0.37055094520182874
320,0.3203203203203203,78.46788194444444,97.31510416666667,86.03559027777777,92.49380381944444,0.8302160662891004
321,0.3213213213213213,78.5,97.43142361111111,86.01736111111111,92.58250763888888,0.12204132564789047
322,0.32232232232232233,78.97309027777777,97.70920138888889,86.41493055555556,92.9104578125,0.6775222268758929
323,0.3233233233233233,79.16319444444444,97.90017361111111,86.48263888888889,93.09234583333334,0.2778388062299847
324,0.32432432432432434,81.4609375,99.71267361111111,88.48871527777777,95.02198472222223,3.5481152570641306
325,0.3253253253253253,82.48524305555556,100.54166666666667,89.30208333333333,95.89137309027777,1.5485473680516024
326,0.3263263263263263,82.18663194444444,100.3359375,89.09461805555556,95.665771875,0.417773775122117
327,0.32732732732732733,81.55989583333333,99.84982638888889,88.35763888888889,95.13165121527777,1.0827005391229223
328,0.3283283283283283,80.62847222222223,98.98350694444444,87.64670138888889,94.26270920138889,1.4572204541743228
329,0.32932932932932935,79.41493055555556,97.89583333333333,86.38194444444444,93.13549062499999,2.062844489912911
330,0.3303303303303303,78.53472222222223,97.22743055555556,85.72916666666667,92.42318611111111,1.2836073428315073
331,0.33133133133133136,78.80121527777777,97.49652777777777,85.95920138888889,92.688909375,0.44311154024115956
332,0.33233233233233234,78.60416666666667,97.24826388888889,85.81336805555556,92.45892934027778,0.34889894637008617
333,0.3333333333333333,79.30121527777777,98.09114583333333,86.40104166666667,93.25238107638889,1.2416468949418493
334,0.33433433433433435,79.17708333333333,98.43402777777777,86.60243055555556,93.48576006944442,0.4165744255537781
335,0.3353353353353353,79.53211805555556,98.99392361111111,86.84461805555556,93.97916388888889,0.7058241872617453
336,0.33633633633633636,83.11284722222223,102.38715277777777,90.34114583333333,97.41971371527777,6.046596732320277
337,0.33733733733733734,95.03819444444444,113.16145833333333,101.15190972222223,108.44136302083332,19.369361952226065
338,0.3383383383383383,97.53819444444444,115.734375,103.75,111.0005951388889,4.4294439002085255
339,0.33933933933933935,99.38975694444444,117.85590277777777,105.59548611111111,113.04479809027777,3.3667466179671086
340,0.34034034034034033,99.89756944444444,119.35677083333333,106.82725694444444,114.31511371527777,2.0069224801157746
341,0.34134134134134136,94.02951388888889,114.78385416666667,101.72482638888889,109.42861961805556,9.021110819496185
342,0.34234234234234234,93.31857638888889,115.34635416666667,102.10677083333333,109.70735069444444,0.983727572831129
343,0.3433433433433433,95.14930555555556,117.86805555555556,104.54513888888889,112.07613472222222,3.9567898542583695
344,0.34434434434434436,92.99305555555556,116.96701388888889,103.29947916666667,110.88335434027776,2.648199065617269
345,0.34534534534534533,90.50868055555556,115.15190972222223,101.3125,108.91355381944445,3.662623169975727
346,0.34634634634634637,99.80381944444444,121.97135416666667,110.06857638888889,116.39915572916667,14.47664682247433
347,0.34734734734734735,89.87760416666667,113.03993055555556,99.37326388888889,107.12888663194444,17.108178948519278
348,0.3483483483483483,89.78298611111111,111.99479166666667,98.38715277777777,106.29009027777778,1.4400288181011536
349,0.34934934934934936,93.68315972222223,113.90625,100.79427083333333,108.66013611111111,4.965807536570311
350,0.35035035035035034,95.01128472222223,114.31944444444444,101.578125,109.2946064236111,1.5965816669201276
351,0.35135135135135137,94.59027777777777,112.80815972222223,100.45225694444444,108.04294184027779,1.9310119723640204
352,0.35235235235235235,94.01649305555556,111.71527777777777,99.82378472222223,107.09395034722222,1.3851343566792536
353,0.3533533533533533,90.71961805555556,108.15190972222223,96.43055555555556,103.59952274305556,5.922919959149886
354,0.35435435435435436,90.88454861111111,108.37673611111111,96.57204861111111,103.80559861111111,0.31268079260985826
355,0.35535535535535534,91.25694444444444,107.984375,96.34027777777777,103.58741944444444,0.5885096578480293
356,0.3563563563563564,90.96875,107.63194444444444,96.10590277777777,103.25716909722222,0.5120497777783325
357,0.35735735735735735,91.02430555555556,107.04166666666667,95.59982638888889,102.81027482638889,0.7795047056190011
358,0.35835835835835833,91.54947916666667,107.16840277777777,95.68402777777777,103.01864774305554,0.5467716502872753
359,0.35935935935935936,92.53298611111111,107.41927083333333,96.19965277777777,103.44439027777776,1.1384594115266782
360,0.36036036036036034,94.15190972222223,108.921875,97.77777777777777,104.9771765625,2.7146291562425415
361,0.3613613613613614,95.77604166666667,110.125,98.85069444444444,106.26040659722221,2.288332255639685
362,0.36236236236236236,97.49826388888889,111.40104166666667,100.13541666666667,107.63193298611111,2.4989683683586517
363,0.3633633633633634,99.3671875,112.62152777777777,101.62586805555556,109.00976840277778,2.684009529458588
364,0.36436436436436437,101.86458333333333,115.06770833333333,104.02170138888889,111.46320225694444,4.238018713955833
365,0.36536536536536535,103.58506944444444,116.21875,105.28125,112.74314201388887,2.4231038113710626
366,0.3663663663663664,102.38020833333333,115.26736111111111,104.26909722222223,111.73347777777778,1.8388268979249778
367,0.36736736736736736,100.74479166666667,113.61805555555556,102.69878472222223,110.0928282986111,2.803690039368431
368,0.3683683683683684,87.88541666666667,102.66840277777777,91.16753472222223,98.69517725694443,20.450627078576876
369,0.36936936936936937,84.75868055555556,99.54600694444444,88.01128472222223,95.56941440972223,5.430262287499894
370,0.37037037037037035,84.64149305555556,99.81076388888889,88.20052083333333,95.74751736111111,0.3458893689263381
371,0.3713713713713714,84.86284722222223,99.9921875,88.31684027777777,95.93272968749999,0.3089375453472064
372,0.37237237237237236,85.25347222222223,100.35677083333333,88.60243055555556,96.29714618055556,0.6058636020843584
373,0.3733733733733734,85.64670138888889,100.44184027777777,88.75694444444444,96.45274427083332,0.43097625196176037
374,0.3743743743743744,85.68229166666667,100.77951388888889,89.00260416666667,96.71955156249999,0.41909287113409893
375,0.37537537537537535,86.078125,101.05555555555556,89.09895833333333,97.00808749999999,0.4921048210980194
376,0.3763763763763764,86.05642361111111,101.00868055555556,88.91753472222223,96.95684999999999,0.18863388500823047
377,0.37737737737737737,86.36545138888889,101.15104166666667,89.06684027777777,97.13514583333334,0.37156022703568264
378,0.3783783783783784,86.45399305555556,101.50694444444444,89.2265625,97.42004340277776,0.4000220021919453
379,0.3793793793793794,87.23524305555556,101.88454861111111,89.42708333333333,97.87067725694445,0.8905869265741126
380,0.38038038038038036,87.78819444444444,102.40538194444444,89.83159722222223,98.389940625,0.8606126224319948
381,0.3813813813813814,88.74913194444444,103.19704861111111,90.70659722222223,99.2236109375,1.5217627903248814
382,0.38238238238238237,89.79253472222223,104.41319444444444,91.53732638888889,100.37520451388889,1.8049407172976886
383,0.3833833833833834,91.31684027777777,105.41927083333333,92.38541666666667,101.48004982638888,2.0136916959252713
384,0.3843843843843844,92.59201388888889,106.56684027777777,93.29166666666667,102.63732465277776,1.9401732991660015
385,0.38538538538538536,93.875,107.75954861111111,94.38107638888889,103.84176788194443,2.0628669546480944
386,0.3863863863863864,95.0078125,108.65451388888889,95.11631944444444,104.77576753472222,1.6201263405447013
387,0.38738738738738737,96.44444444444444,109.72222222222223,96.13194444444444,105.9181486111111,2.0580103424163556
388,0.3883883883883884,97.52083333333333,110.65798611111111,96.89236111111111,106.87114930555555,1.6163231740021402
389,0.3893893893893894,98.8359375,111.92100694444444,97.97829861111111,108.13245763888888,2.1222584311351684
390,0.39039039039039036,99.9453125,112.65017361111111,98.56770833333333,108.93236614583334,1.4525153145674068
391,0.3913913913913914,101.24826388888889,113.72829861111111,99.65972222222223,110.05929201388889,2.0130897076282355
392,0.3923923923923924,102.18663194444444,114.57725694444444,100.375,110.91760711805554,1.4535773659513027
393,0.3933933933933934,103.65277777777777,115.69791666666667,101.55729166666667,112.11616701388888,2.1916376075166575
394,0.3943943943943944,104.96180555555556,116.76215277777777,102.46267361111111,113.22097656249998,1.914645838924976
395,0.3953953953953954,106.24652777777777,118.04340277777777,103.6875,114.49889097222221,2.1891350880405196
396,0.3963963963963964,107.12239583333333,118.68576388888889,104.23090277777777,115.18375086805555,1.2145201631538178
397,0.3973973973973974,108.234375,119.45833333333333,104.76302083333333,116.01111822916664,1.4548233015174479
398,0.3983983983983984,108.93055555555556,120.05729166666667,105.31423611111111,116.62729895833333,1.0711007111652673
399,0.3993993993993994,109.70052083333333,121.00086805555556,106.265625,117.53452968749998,1.5454202498198408
400,0.4004004004004004,110.61979166666667,121.45052083333333,106.92013888888889,118.0988142361111,1.2147571429422002
401,0.4014014014014014,111.52517361111111,122.33854166666667,107.76302083333333,118.98726701388887,1.5227433920495237
402,0.4024024024024024,112.171875,122.84548611111111,108.32552083333333,119.52793489583333,0.9958019914339892
403,0.4034034034034034,112.77256944444444,123.61458333333333,109.04774305555556,120.2578453125,1.2140631330733826
404,0.4044044044044044,113.35590277777777,124.04253472222223,109.42361111111111,120.71507048611112,0.8152894971829492
405,0.40540540540540543,114.12152777777777,124.82638888888889,110.19791666666667,121.49435972222221,1.34169970134523
406,0.4064064064064064,114.74565972222223,125.296875,110.69618055555556,121.99951649305555,0.926911413132428
407,0.4074074074074074,115.57118055555556,125.94357638888889,111.38541666666667,122.68730590277778,1.2548919274255212
408,0.4084084084084084,116.08072916666667,126.31336805555556,111.79079861111111,123.08937951388889,0.7488125163904097
409,0.4094094094094094,116.79947916666667,127.02951388888889,112.49392361111111,123.80513888888889,1.2344436733709998
410,0.41041041041041043,117.40277777777777,127.49565972222223,112.96701388888889,124.30094479166667,0.897260030888743
411,0.4114114114114114,119.4765625,129.19010416666666,114.6015625,126.07171249999999,3.1374311484901445
412,0.4124124124124124,120.27430555555556,129.85850694444446,115.27951388888889,126.76830243055555,1.2420846757466113
413,0.4134134134134134,120.58680555555556,130.25520833333334,115.66579861111111,127.14635052083334,0.6358019570343231
414,0.4144144144144144,123.58506944444444,132.71180555555554,118.25694444444444,129.72782048611109,4.662455682282203
415,0.41541541541541543,142.23177083333334,148.87847222222223,134.91840277777777,146.45746649305556,29.77691685838051
416,0.4164164164164164,141.03559027777777,147.81163194444446,133.8359375,145.36200034722222,1.934095958677515
417,0.4174174174174174,136.50954861111111,143.87326388888889,129.70225694444446,141.28459131944444,7.2858157432645285
418,0.4184184184184184,137.26475694444446,144.28645833333334,130.09114583333334,141.76874305555557,0.9446183586809654
419,0.4194194194194194,141.17274305555554,147.71701388888889,133.57552083333334,145.3046861111111,6.2595475878864555
420,0.42042042042042044,135.58246527777777,142.93229166666666,128.625,140.33673211805552,8.86862046193266
421,0.4214214214214214,138.125,144.95746527777777,130.73784722222223,142.4782267361111,3.876845928496344
422,0.42242242242242245,142.69878472222223,148.88368055555554,134.77777777777777,146.55032552083333,7.256425565414446
423,0.42342342342342343,143.64583333333334,149.69097222222223,135.55902777777777,147.38544930555554,1.4693442310694134
424,0.4244244244244244,129.04513888888889,137.02951388888889,122.47743055555556,134.28137534722222,23.337116172981176
425,0.42542542542542544,127.93836805555556,135.91927083333334,121.09809027777777,133.15244166666668,2.0880998352154423
426,0.4264264264264264,128.69878472222223,136.60677083333334,121.84201388888889,133.85951753472222,1.2666144228268728
427,0.42742742742742745,129.34114583333334,137.36545138888889,122.59895833333333,134.59334322916666,1.2494754397031094
428,0.42842842842842843,128.48524305555554,136.39670138888889,121.52951388888889,133.6413144097222,1.6777239186650577
429,0.4294294294294294,129.05555555555554,137.0546875,122.2109375,134.2823532986111,1.1056854018440727
430,0.43043043043043044,129.62673611111111,137.46354166666666,122.59114583333333,134.72364982638888,0.7987285730343978
431,0.4314314314314314,130.04253472222223,137.7578125,122.92881944444444,135.0468911458333,0.6111524163360983
432,0.43243243243243246,130.61371527777777,138.28298611111111,123.31770833333333,135.5720060763889,0.8679222987995289
433,0.43343343343343343,131.31944444444446,138.64930555555554,123.61545138888889,136.00553281249998,0.8490550742994762
434,0.4344344344344344,131.65104166666666,139.1640625,124.19618055555556,136.48611319444444,0.8439062712509249
435,0.43543543543543545,132.14756944444446,139.51649305555554,124.46614583333333,136.8632248263889,0.6660543384738051
436,0.4364364364364364,132.95659722222223,139.98263888888889,125.08506944444444,137.41329791666664,1.1202161932149068
437,0.43743743743743746,133.22048611111111,140.53385416666666,125.56423611111111,137.89822569444442,0.7765798880856273
438,0.43843843843843844,133.84982638888889,140.86545138888889,125.85329861111111,138.29005208333334,0.767843103716606
439,0.4394394394394394,134.49045138888889,141.32291666666666,126.48177083333333,138.79880381944443,1.0072994614821462
440,0.44044044044044045,134.89756944444446,141.75,126.74305555555556,139.209671875,0.6453022476616795
441,0.44144144144144143,138.78559027777777,144.96180555555554,130.21006944444446,142.58366684027774,6.119851814617725
442,0.44244244244244246,139.74045138888889,145.94704861111111,131.06597222222223,143.55311232638888,1.6171064235357349
443,0.44344344344344344,139.34548611111111,145.44357638888889,130.54166666666666,143.0712045138889,0.8272715181764071
444,0.4444444444444444,143.05815972222223,148.62847222222223,133.97743055555554,146.38641857638888,5.977623299608116
445,0.44544544544544545,168.33333333333334,170.77777777777777,156.62065972222223,169.23594496527778,40.52335085798503
446,0.44644644644644643,166.00520833333334,168.52256944444446,154.34461805555554,166.96373038194446,3.960618172806347
447,0.44744744744744747,159.51649305555554,162.99045138888889,148.46875,161.20342100694444,10.355364867689069
448,0.44844844844844844,159.11458333333334,162.61371527777777,148.1484375,160.82540677083333,0.6372296445459061
449,0.4494494494494494,162.44791666666666,165.34027777777777,151.01736111111111,163.69124722222222,5.174550885237101
450,0.45045045045045046,158.22829861111111,161.61892361111111,147.09461805555554,159.849421875,6.858685475253045
451,0.45145145145145144,160.57899305555554,163.63715277777777,149.390625,161.95838871527778,3.8562496326434914
452,0.45245245245245247,165.93142361111111,168.35243055555554,154.00086805555554,166.80154166666668,8.493332585325263
453,0.45345345345345345,167.16840277777777,169.4140625,154.9921875,167.89537586805557,1.9078506454033355
454,0.4544544544544545,145.58854166666666,150.515625,135.59809027777777,148.39108107638887,34.62618016156648
455,0.45545545545545546,143.53559027777777,148.89756944444446,133.65277777777777,146.65693871527776,3.258366754780869
456,0.45645645645645644,144.36631944444446,149.171875,134.39149305555554,147.08307031249998,1.145012990223976
457,0.4574574574574575,144.98784722222223,149.56597222222223,134.578125,147.51054027777778,0.7592370392701941
458,0.45845845845845845,143.85503472222223,148.60850694444446,133.66753472222223,146.51918055555555,1.740453553614607
459,0.4594594594594595,143.96875,148.69618055555554,133.77777777777777,146.6140201388889,0.18102861040055565
460,0.46046046046046046,144.56597222222223,149.10329861111111,133.96961805555554,147.04601128472223,0.7478115979665324
461,0.46146146146146144,144.83420138888889,149.31510416666666,134.40972222222223,147.28629565972219,0.5572254092665367
462,0.4624624624624625,145.30555555555554,149.79166666666666,134.68923611111111,147.74752395833332,0.726233145017533
463,0.46346346346346345,145.87847222222223,150.14409722222223,135.09895833333334,148.15096631944445,0.787599582793437
464,0.4644644644644645,146.171875,150.296875,135.40104166666666,148.34442083333332,0.4479738604742388
465,0.46546546546546547,146.63715277777777,150.67534722222223,135.58940972222223,148.72762239583332,0.6286550388260957
466,0.46646646646646645,146.6953125,150.66319444444446,135.82118055555554,148.74802934027778,0.2392654644546548
467,0.4674674674674675,147.04513888888889,151.14930555555554,135.98090277777777,149.18160104166668,0.6198336091083634
468,0.46846846846846846,147.35850694444446,151.296875,136.39496527777777,149.38366006944443,0.5398370430811278
469,0.4694694694694695,147.640625,151.59895833333334,136.70138888888889,149.68181215277778,0.5145292673838868
470,0.47047047047047047,148.24305555555554,152.05642361111111,137.08854166666666,150.1650204861111,0.849755451868535
471,0.47147147147147145,149.77690972222223,153.08767361111111,138.64149305555554,151.3407909722222,2.4140926211213753
472,0.4724724724724725,150.18663194444446,153.7109375,138.99131944444446,151.89891371527776,0.8238377734352051
473,0.47347347347347346,149.93923611111111,153.37239583333334,138.63194444444446,151.57824548611111,0.5522368595495389
474,0.4744744744744745,152.92621527777777,156.07638888888889,141.33767361111111,154.3425267361111,4.853307460891375
475,0.4754754754754755,172.49045138888889,173.31857638888889,158.96440972222223,172.10614618055556,31.47624803446575
476,0.47647647647647645,171.87326388888889,172.6015625,158.39930555555554,171.4213232638889,1.101985501810193
477,0.4774774774774775,167.01128472222223,168.40017361111111,154.01475694444446,167.06626875,7.779124406768139
478,0.47847847847847846,167.56423611111111,168.76736111111111,154.65798611111111,167.4928798611111,0.9242973869275407
479,0.4794794794794795,172.36024305555554,172.93402777777777,158.99392361111111,171.80556562499999,7.691758428745437
480,0.4804804804804805,164.08767361111111,165.87152777777777,151.55729166666666,164.45879253472222,13.176410973413335
481,0.48148148148148145,167.5703125,168.87673611111111,154.56076388888889,167.56537725694443,5.493714239637689
482,0.4824824824824825,171.890625,172.74045138888889,158.453125,171.52823333333333,6.981681091591033
483,0.48348348348348347,172.58767361111111,173.3828125,159.26302083333334,172.19431701388888,1.2467701569136744
484,0.4844844844844845,155.42795138888889,158.20225694444446,143.58333333333334,156.55695329861112,27.762527511319856
485,0.4854854854854855,152.88454861111111,156.14236111111111,141.48090277777777,154.39119288194445,3.890023492875777
486,0.4864864864864865,153.1484375,156.18055555555554,141.70225694444446,154.4905940972222,0.3465455646320294
487,0.4874874874874875,153.19965277777777,156.38020833333334,141.63975694444446,154.63976163194442,0.21538450815285168
488,0.48848848848848847,152.37673611111111,155.83333333333334,141.1328125,154.03708315972224,1.1105209478689995
489,0.4894894894894895,152.64496527777777,155.91059027777777,141.19270833333334,154.15368732638888,0.2854873590306136
490,0.4904904904904905,152.84722222222223,156.30729166666666,141.48524305555554,154.50152899305553,0.5327817819970939
491,0.4914914914914915,153.08506944444446,156.32118055555554,141.70225694444446,154.57769704861107,0.32227198190982714
492,0.4924924924924925,153.31076388888889,156.57725694444446,141.89409722222223,154.82267638888888,0.3915556044514217
493,0.4934934934934935,153.43229166666666,156.79427083333334,142.19791666666666,155.02565729166668,0.3926452388159091
494,0.4944944944944945,153.47395833333334,156.74826388888889,142.03645833333334,154.98995416666668,0.17297844793788533
495,0.4954954954954955,153.72829861111111,157.16753472222223,142.359375,155.36720399305557,0.5871560118019866
496,0.4964964964964965,153.69704861111111,157.18923611111111,142.52083333333334,155.38773836805558,0.16588039722187636
497,0.4974974974974975,154.0625,157.44618055555554,142.67795138888889,155.6605439236111,0.47356229638055686
498,0.4984984984984985,154.29861111111111,157.61111111111111,143.15625,155.8632326388889,0.5583190005156686
499,0.4994994994994995,154.40190972222223,157.65451388888889,143.15711805555554,155.91629826388888,0.11204980007460674
500,0.5005005005005005,154.75086805555554,158.00086805555554,143.49913194444446,156.2628927083333,0.5989212196633524
501,0.5015015015015015,157.19878472222223,160.21440972222223,145.74392361111111,158.52851875,3.991384765184902
502,0.5025025025025025,157.59375,160.75173611111111,146.10677083333334,159.02298177083333,0.7591938655711263
503,0.5035035035035035,156.97048611111111,160.10677083333334,145.54774305555554,158.38883489583336,1.056858619238657
504,0.5045045045045045,160.0625,162.95572916666666,148.39670138888889,161.28946684027775,5.0787475876657435
505,0.5055055055055055,182.61545138888889,182.62065972222223,168.8359375,181.62429548611112,36.23682495625351
506,0.5065065065065065,181.07552083333334,181.18836805555554,167.4375,180.17156406249998,2.525563892627285
507,0.5075075075075075,174.70833333333334,175.70572916666666,161.75260416666666,174.4862671875,10.144872916008548
508,0.5085085085085085,174.12152777777777,175.19878472222223,161.20052083333334,173.95908524305557,0.9519083131942785
509,0.5095095095095095,176.83940972222223,177.69270833333334,163.73524305555554,176.50356805555555,4.47564006437311
510,0.5105105105105106,172.00520833333334,173.546875,159.5,172.20493229166664,7.648184152839454
511,0.5115115115115115,174.28472222222223,175.38194444444446,161.32899305555554,174.13405190972222,3.4509243736774966
512,0.5125125125125125,178.91319444444446,179.46267361111111,165.7109375,178.35297899305553,7.568126766761004
513,0.5135135135135135,179.84375,180.20052083333334,166.51302083333334,179.13643385416665,1.4330700746744627
514,0.5145145145145145,159.48263888888889,162.29427083333334,147.97482638888889,160.66265399305556,32.84620659987305
515,0.5155155155155156,156.74045138888889,160.15017361111111,145.69010416666666,158.38124965277777,4.163736400904049
516,0.5165165165165165,157.02256944444446,160.24479166666666,145.6875,158.50871076388887,0.2975734453737362
517,0.5175175175175175,156.87065972222223,160.24739583333334,145.74913194444446,158.48272708333334,0.16395682957921318
518,0.5185185185185185,155.54427083333334,159.07118055555554,144.49045138888889,157.26863090277777,2.1741818243144895
519,0.5195195195195195,155.36024305555554,158.70399305555554,144.22222222222223,156.94752795138885,0.4905504754872577
520,0.5205205205205206,155.10416666666666,158.63888888888889,144.14930555555554,156.84125902777777,0.27409945228240107
521,0.5215215215215215,154.953125,158.34982638888889,143.85850694444446,156.5814144097222,0.43696057739781075
522,0.5225225225225225,154.36371527777777,157.98003472222223,143.61979166666666,156.17439565972222,0.7356185704770652
523,0.5235235235235235,153.5546875,157.39236111111111,143.04340277777777,155.54047690972223,1.1541708580825374
524,0.5245245245245245,44.51475694444444,75.42361111111111,74.6640625,68.79754930555555,152.5919939215259
525,0.5255255255255256,24.11892361111111,55.57378472222222,47.74305555555556,48.32110260416667,39.17583745030815
526,0.5265265265265265,26.98003472222222,52.904513888888886,46.150173611111114,46.90530624999999,4.224717323176145
527,0.5275275275275275,27.479166666666668,53.03993055555556,46.65711805555556,47.14487309027777,0.7241982058311738
528,0.5285285285285285,27.235243055555557,53.29600694444444,46.420138888888886,47.25905086805555,0.4257146584719467
529,0.5295295295295295,26.88888888888889,52.46440972222222,46.08246527777778,46.566277604166665,0.9620491756744517
530,0.5305305305305306,26.880208333333332,52.96527777777778,46.204861111111114,46.93148993055555,0.5156790679658421
531,0.5315315315315315,30.236979166666668,55.9140625,49.142361111111114,49.96619774305555,5.347162613529586
532,0.5325325325325325,31.436631944444443,57.06597222222222,50.53559027777778,51.14568090277777,2.1695968072963914
533,0.5335335335335335,29.969618055555557,56.1328125,49.21180555555556,50.07082065972222,2.185251200242139
534,0.5345345345345346,32.940104166666664,58.396701388888886,52.17274305555556,52.53525902777778,4.766144302939725
535,0.5355355355355356,53.556423611111114,76.50520833333333,70.46440972222223,71.19015104166667,32.97780648613269
536,0.5365365365365365,51.00868055555556,74.25086805555556,68.35850694444444,68.88415052083333,4.000983788344427
537,0.5375375375375375,46.076388888888886,69.96440972222223,64.11545138888889,64.4635217013889,7.79132508473386
538,0.5385385385385385,46.03993055555556,70.19791666666667,63.65277777777778,64.58936979166667,0.5195397709432996
539,0.5395395395395396,49.80381944444444,73.76909722222223,67.50347222222223,68.22170104166666,6.461272152815934
540,0.5405405405405406,43.7109375,67.90711805555556,61.552083333333336,62.3041765625,10.339489341653259
541,0.5415415415415415,45.497395833333336,69.30381944444444,63.28211805555556,63.807806944444444,2.852232158600485
542,0.5425425425425425,51.92621527777778,74.60243055555556,68.93576388888889,69.37233385416667,10.068202936215798
543,0.5435435435435435,65.21267361111111,90.09114583333333,89.09982638888889,84.730409375,28.68831979226695
544,0.5445445445445446,53.47569444444444,76.01996527777777,71.08767361111111,70.87094184027777,25.69421043495635
545,0.5455455455455456,36.291666666666664,61.415798611111114,55.61024305555556,55.655247048611116,27.35184365444605
546,0.5465465465465466,36.611979166666664,61.60243055555556,55.91753472222222,55.879011111111105,0.48151817073308867
547,0.5475475475475475,37.020833333333336,62.03125,56.44184027777778,56.31048003472222,0.7911663296177108
548,0.5485485485485485,34.673611111111114,59.94097222222222,54.005208333333336,54.14056909722222,3.976919483903658
549,0.5495495495495496,34.01649305555556,59.182291666666664,53.57378472222222,53.427108680555556,1.0924864559981322
550,0.5505505505505506,34.19878472222222,59.278645833333336,53.395833333333336,53.52192829861111,0.2723620274150242
551,0.5515515515515516,34.614583333333336,59.17274305555556,53.501736111111114,53.54223159722222,0.44194941077461647
552,0.5525525525525525,34.420138888888886,59.173611111111114,53.71006944444444,53.51655520833333,0.28497749608264533
553,0.5535535535535535,34.48350694444444,59.365451388888886,53.653645833333336,53.66315763888888,0.20976612341739584
554,0.5545545545545546,34.51996527777778,59.17274305555556,53.783854166666664,53.54248472222223,0.23541436208310892
555,0.5555555555555556,34.40625,59.28125,53.87847222222222,53.60274444444444,0.18345979894751124
556,0.5565565565565566,34.171875,58.861979166666664,53.540798611111114,53.22867378472222,0.5871483117150598
557,0.5575575575575575,34.33940972222222,59.02777777777778,53.69965277777778,53.394340104166666,0.2842388236392273
558,0.5585585585585585,34.150173611111114,58.920138888888886,53.49131944444444,53.26208350694444,0.3013290791269065
559,0.5595595595595596,34.00434027777778,59.44184027777778,53.388888888888886,53.5968046875,0.5513000262934256
560,0.5605605605605606,33.865451388888886,59.755208333333336,53.15972222222222,53.774851909722216,0.41231907888257124
561,0.5615615615615616,33.93055555555556,59.739583333333336,53.35503472222222,53.791619618055556,0.206469527530364
562,0.5625625625625625,34.56336805555556,60.2109375,53.896701388888886,54.30237638888888,0.9570941376730143
563,0.5635635635635635,34.59288194444444,60.357638888888886,53.91840277777778,54.41513871527777,0.15120620826864398
564,0.5645645645645646,34.356770833333336,59.93315972222222,53.75694444444444,54.04969670138889,0.5118591731393762
565,0.5655655655655656,35.5625,60.796875,54.24565972222222,54.95904913194445,1.5616111958969956
566,0.5665665665665666,39.07899305555556,67.93923611111111,59.537326388888886,61.19693055555556,9.559329566574945
567,0.5675675675675675,38.76649305555556,69.69965277777777,60.083333333333336,62.42896475694443,1.8694509016444667
568,0.5685685685685685,37.45746527777778,67.69965277777777,58.447048611111114,60.60212569444444,2.89671907771045
569,0.5695695695695696,36.88368055555556,66.01302083333333,57.497395833333336,59.20529496527777,2.018860228400452
570,0.5705705705705706,37.71527777777778,67.01822916666667,58.14930555555556,60.14808541666667,1.4584183279629905
571,0.5715715715715716,36.90277777777778,66.16927083333333,57.74913194444444,59.33928038194444,1.2413804496470195
572,0.5725725725725725,37.32118055555556,67.32204861111111,58.60503472222222,60.31449565972222,1.4955022749558653
573,0.5735735735735735,38.255208333333336,69.21961805555556,59.921875,61.9652875,2.4914345272006537
574,0.5745745745745746,38.44618055555556,68.62152777777777,59.76215277777778,61.56660208333332,0.6478376017987896
575,0.5755755755755756,34.384548611111114,60.326388888888886,53.51649305555556,54.31947916666666,11.149638945000742
576,0.5765765765765766,33.62413194444444,59.36284722222222,52.903645833333336,53.424442013888886,1.3719430630068865
577,0.5775775775775776,33.806423611111114,59.50347222222222,52.98784722222222,53.5698515625,0.2451438684771255
578,0.5785785785785785,33.3828125,59.1796875,52.57899305555556,53.21870173611111,0.6718963085194072
579,0.5795795795795796,33.30121527777778,59.111111111111114,52.62065972222222,53.155316666666664,0.11444185815746435
580,0.5805805805805806,33.40190972222222,59.185763888888886,52.484375,53.22027621527777,0.18516461293427633
581,0.5815815815815816,33.35503472222222,59.126736111111114,52.611111111111114,53.177244270833334,0.14745706505268125
582,0.5825825825825826,33.59461805555556,59.08680555555556,52.47569444444444,53.18984427083333,0.27808685062260685
583,0.5835835835835835,34.029513888888886,59.23784722222222,52.51996527777778,53.39352447916666,0.4625017595687199
584,0.5845845845845846,33.8515625,58.865451388888886,52.330729166666664,53.075691666666664,0.4540436754762376
585,0.5855855855855856,33.970486111111114,59.16840277777778,52.451388888888886,53.32635729166666,0.3471039295026208
586,0.5865865865865866,33.734375,58.87065972222222,52.19878472222222,53.04497621527778,0.4562984209254339
587,0.5875875875875876,33.71440972222222,58.80815972222222,52.14409722222222,52.99208315972222,0.08541419655416692
588,0.5885885885885885,33.466145833333336,59.25434027777778,52.54253472222222,53.28717777777778,0.6476607816506637
589,0.5895895895895896,33.48090277777778,59.092013888888886,52.51996527777778,53.17258975694443,0.16455091540789202
590,0.5905905905905906,33.470486111111114,59.22222222222222,52.49565972222222,53.26174531249999,0.13286638794199884
591,0.5915915915915916,33.669270833333336,59.32465277777778,52.595486111111114,53.384472743055554,0.24489322656819704
592,0.5925925925925926,33.669270833333336,59.23090277777778,52.501736111111114,53.31065399305556,0.13258252147247765
593,0.5935935935935935,33.673611111111114,59.421875,52.69444444444444,53.46207361111111,0.27134061510911167
594,0.5945945945945946,33.579861111111114,59.095486111111114,52.3671875,53.18508107638888,0.4716098779470534
595,0.5955955955955956,40.06684027777778,65.01388888888889,58.454861111111114,59.236584548611106,10.68495017041229
596,0.5965965965965966,46.673611111111114,70.76822916666667,64.44791666666667,65.18938680555556,10.61501614547124
597,0.5975975975975976,45.959201388888886,70.11284722222223,63.709201388888886,64.51543888888888,1.2188547928000824
598,0.5985985985985987,47.04340277777778,71.21961805555556,64.8828125,65.62223732638888,1.9436556714885018
599,0.5995995995995996,71.13368055555556,92.39670138888889,86.70833333333333,87.4654829861111,38.79643928975577
600,0.6006006006006006,70.77864583333333,91.98871527777777,86.25,87.06511927083332,0.7089229614615579
601,0.6016016016016016,64.3828125,86.28732638888889,80.38454861111111,81.20424618055554,10.383450259212585
602,0.6026026026026026,67.18055555555556,88.44704861111111,82.61024305555556,83.5043748263889,4.17677890749567
603,0.6036036036036037,63.36024305555556,85.29774305555556,79.36892361111111,80.20576979166665,5.917690835185882
604,0.6046046046046046,62.5703125,84.40364583333333,78.62326388888889,79.34453559027777,1.4069145484820131
605,0.6056056056056056,70.24045138888889,91.35243055555556,85.78298611111111,86.46190989583333,12.584842549274008
606,0.6066066066066066,69.36458333333333,90.61805555555556,85.14583333333333,85.70447291666667,1.3085928142847265
607,0.6076076076076076,37.8515625,62.2265625,56.15711805555556,56.60622361111111,51.37599608204036
608,0.6086086086086087,34.20399305555556,59.10850694444444,53.001736111111114,53.3728984375,5.743123585201837
609,0.6096096096096096,34.2109375,59.020833333333336,52.818576388888886,53.29844652777778,0.2031806369672748
610,0.6106106106106106,34.26475694444444,59.036458333333336,52.927083333333336,53.32889774305556,0.12212465032899551
611,0.6116116116116116,33.8984375,59.17534722222222,52.58940972222222,53.325971527777774,0.5172074308009259
612,0.6126126126126126,33.99131944444444,59.08159722222222,52.63628472222222,53.28205260416666,0.14004779087433178
613,0.6136136136136137,34.041666666666664,59.55815972222222,52.77777777777778,53.643809722222215,0.49966683296191644
614,0.6146146146146146,33.681423611111114,59.15277777777778,52.32465277777778,53.244577256944446,0.7067049211534872
615,0.6156156156156156,34.18315972222222,59.55815972222222,52.826388888888886,53.67740086805555,0.8171981224081171
616,0.6166166166166166,33.87152777777778,59.342013888888886,52.51475694444444,53.434060590277774,0.4908645015315436
617,0.6176176176176176,35.1484375,60.390625,53.6875,54.540170312499995,2.026181130946861
618,0.6186186186186187,35.43836805555556,60.62586805555556,53.84288194444444,54.78127395833333,0.4044039699251293
619,0.6196196196196196,35.166666666666664,60.375,53.58680555555556,54.52560069444444,0.4498127865776509
620,0.6206206206206206,38.91840277777778,63.44878472222222,56.830729166666664,57.755801909722216,5.834956448912537
621,0.6216216216216216,63.103298611111114,84.96788194444444,78.87413194444444,79.87950277777779,39.16493760689499
622,0.6226226226226226,62.36631944444444,84.24392361111111,78.20659722222223,79.15684999999999,1.2299823437252102
623,0.6236236236236237,54.85850694444444,77.51128472222223,71.18836805555556,72.23878958333333,12.286220557160204
624,0.6246246246246246,59.17621527777778,81.33159722222223,75.05208333333333,76.16798211805556,6.940150473665952
625,0.6256256256256256,57.28472222222222,79.66493055555556,73.52604166666667,74.46367048611111,2.946918208127847
626,0.6266266266266266,54.47222222222222,77.05208333333333,70.64930555555556,71.78932430555555,4.797159316683689
627,0.6276276276276276,59.1875,81.19270833333333,75.1328125,76.07687656249999,7.7123572552826865
628,0.6286286286286287,58.953125,81.05989583333333,74.80121527777777,75.90811961805555,0.4272323940980459
629,0.6296296296296297,38.90538194444444,63.346354166666664,56.25086805555556,57.63790937499999,32.554522605366515
630,0.6306306306306306,36.41493055555556,61.255208333333336,54.15972222222222,55.461871180555555,3.8662811476861445
631,0.6316316316316316,37.00086805555556,61.700520833333336,54.526041666666664,55.931377256944444,0.8220802344908831
632,0.6326326326326326,36.192708333333336,61.158854166666664,53.87152777777778,55.32490659722222,1.1725669896208633
633,0.6336336336336337,34.31684027777778,59.692708333333336,52.48090277777778,53.77710642361111,2.757227313276776
634,0.6346346346346347,34.193576388888886,59.287326388888886,52.169270833333336,53.43847152777777,0.5259686074128386
635,0.6356356356356356,34.412326388888886,59.692708333333336,52.57465277777778,53.80417552083333,0.61361274780037
636,0.6366366366366366,34.193576388888886,59.52256944444444,52.45746527777778,53.627525,0.3008848852445018
637,0.6376376376376376,34.02430555555556,59.07118055555556,52.3359375,53.25993038194444,0.49716551047041413
638,0.6386386386386387,33.93055555555556,59.259548611111114,52.2421875,53.367951215277785,0.2303489729818248
639,0.6396396396396397,34.072916666666664,59.166666666666664,52.33680555555556,53.33861944444444,0.19454130152151594
640,0.6406406406406406,34.072048611111114,59.25868055555556,52.431423611111114,53.41107465277778,0.13198441463301466
641,0.6416416416416416,34.072048611111114,59.40190972222222,52.33680555555556,53.50668072916667,0.17166004375259142
642,0.6426426426426426,34.26215277777778,59.306423611111114,52.526041666666664,53.492468055555555,0.28472354547456186
643,0.6436436436436437,34.17274305555556,59.450520833333336,52.43402777777778,53.569874479166664,0.19293694210407522
644,0.6446446446446447,33.959201388888886,59.145833333333336,52.220486111111114,53.2911453125,0.4289924934795556
645,0.6456456456456456,34.260416666666664,59.3046875,52.427951388888886,53.48377517361111,0.3987569827821358
646,0.6466466466466466,34.067708333333336,59.251736111111114,52.23524305555556,53.39102100694444,0.27762718357084665
647,0.6476476476476476,34.47309027777778,58.857638888888886,52.12413194444444,53.18732465277777,0.576188181462602
648,0.6486486486486487,34.48350694444444,59.05815972222222,51.98871527777778,53.32317465277777,0.24218750000000053
649,0.6496496496496497,34.49913194444444,59.072916666666664,52.1484375,53.348582638888885,0.16116170855988424
650,0.6506506506506506,34.70225694444444,59.084201388888886,52.205729166666664,53.40397430555555,0.2113514742084305
651,0.6516516516516516,32.20225694444444,55.548611111111114,48.536458333333336,50.07889878472222,5.6757331738434775
652,0.6526526526526526,54.2890625,79.96614583333333,78.65885416666667,74.41281145833332,44.62512422727655
653,0.6536536536536537,43.49913194444444,67.26302083333333,58.294270833333336,61.56327430555555,26.31555130525702
654,0.6546546546546547,43.25347222222222,67.26909722222223,59.377604166666664,61.59360954861111,1.1108540555515514
655,0.6556556556556556,43.50694444444444,67.27777777777777,59.38368055555556,61.65414479166666,0.253693598628253
656,0.6566566566566566,43.51128472222222,67.78645833333333,59.388888888888886,62.019251909722215,0.5087257339152499
657,0.6576576576576577,43.518229166666664,67.87673611111111,59.896701388888886,62.12195902777778,0.5158215172182983
658,0.6586586586586587,44.02777777777778,68.38368055555556,59.407986111111114,62.5575704861111,0.8691806944311147
659,0.6596596596596597,44.49652777777778,68.390625,60.50086805555556,62.741099479166664,1.1891870047647293
660,0.6606606606606606,44.62065972222222,68.39756944444444,60.50347222222222,62.77264461805555,0.12435331368414743
661,0.6616616616616616,45.123263888888886,68.91493055555556,60.509548611111114,63.24995364583333,0.7213254398277853
662,0.6626626626626627,44.876736111111114,69.25260416666667,60.763888888888886,63.457409375000005,0.48937550996851104
663,0.6636636636636637,45.12847222222222,69.50607638888889,60.52777777777778,63.67516458333333,0.42821454186626223
664,0.6646646646646647,45.259548611111114,69.51128472222223,61.623263888888886,63.785850520833336,1.1033122704373413
665,0.6656656656656657,45.14149305555556,69.52083333333333,61.37413194444444,63.74959374999999,0.2758532506865765
666,0.6666666666666666,45.65711805555556,69.91059027777777,61.630208333333336,64.15645850694443,0.695237177741556
667,0.6676676676676677,73.32291666666667,105.99131944444444,96.27951388888889,98.34482465277777,57.164585238337565
668,0.6686686686686687,74.26302083333333,107.05902777777777,96.79600694444444,99.3456065972222,1.5134602755574922
669,0.6696696696696697,74.375,107.06336805555556,96.59114583333333,99.35772656249999,0.233508557925038
670,0.6706706706706707,74.43402777777777,107.2421875,96.96788194444444,99.52536788194445,0.42117783616416354
671,0.6716716716716716,74.95833333333333,107.63368055555556,97.84895833333333,99.98044479166667,1.097478351126858
672,0.6726726726726727,75.61979166666667,108.20659722222223,97.70746527777777,100.52060503472222,0.8864428455636728
673,0.6736736736736737,75.68489583333333,108.46006944444444,98.20920138888889,100.75195486111112,0.5658850105352958
674,0.6746746746746747,76.17534722222223,108.75086805555556,98.64930555555556,101.09597951388889,0.7202763876489144
675,0.6756756756756757,76.43923611111111,108.83767361111111,98.81510416666667,101.22613628472223,0.3235146512921696
676,0.6766766766766766,76.3046875,109.67274305555556,99.37239583333333,101.835009375,1.0129256179664827
677,0.6776776776776777,76.78559027777777,110.05121527777777,99.21614583333333,102.19665138888888,0.6316033305550232
678,0.6786786786786787,77.61371527777777,109.97829861111111,99.46961805555556,102.33886145833333,0.869112204114665
679,0.6796796796796797,77.65798611111111,110.25347222222223,99.71875,102.56306493055556,0.37382769918590614
680,0.6806806806806807,77.8828125,111.06770833333333,100.14236111111111,103.22378940972222,0.9449728690470097
681,0.6816816816816816,78.32899305555556,110.88802083333333,100.57725694444444,103.22153437499999,0.648458997672795
682,0.6826826826826827,78.11371527777777,111.31423611111111,100.68663194444444,103.48849236111111,0.489864139574573
683,0.6836836836836837,78.34982638888889,111.53211805555556,100.60069444444444,103.6883140625,0.33257518309589224
684,0.6846846846846847,78.75,111.33246527777777,101.02951388888889,103.66156006944443,0.619585560385114
685,0.6856856856856857,78.65364583333333,111.74913194444444,101.03819444444444,103.93970190972222,0.42775061494975886
686,0.6866866866866866,78.74826388888889,111.96267361111111,101.03125,104.11204131944444,0.23366823735487938
687,0.6876876876876877,79.75173611111111,112.37586805555556,101.82986111111111,104.67855590277777,1.3473922429944065
688,0.6886886886886887,79.73958333333333,112.75607638888889,101.59982638888889,104.93128871527776,0.44454700558172877
689,0.6896896896896897,79.69444444444444,112.76388888888889,102.00086805555556,104.95623489583333,0.4036495668883527
690,0.6906906906906907,80.078125,112.72743055555556,102.18836805555556,105.02526788194444,0.4285979803742256
691,0.6916916916916916,80.15451388888889,113.13020833333333,101.95138888888889,105.31246493055554,0.47352331099039713
692,0.6926926926926927,80.00694444444444,113.08767361111111,102.34895833333333,105.27937534722221,0.42620113407172605
693,0.6936936936936937,80.37760416666667,113.07638888888889,102.30815972222223,105.34716111111109,0.37306903021034493
694,0.6946946946946947,80.53645833333333,113.44357638888889,102.27517361111111,105.64116440972222,0.40143416639574026
695,0.6956956956956957,80.30121527777777,113.40711805555556,102.63888888888889,105.59133697916666,0.43469219977533585
696,0.6966966966966966,80.64496527777777,113.37760416666667,102.40277777777777,105.62626267361111,0.4180712725450894
697,0.6976976976976977,80.79513888888889,113.73090277777777,102.56510416666667,105.92258871527777,0.4167995664787751
698,0.6986986986986987,80.64236111111111,113.58246527777777,102.70052083333333,105.79372274305554,0.25241318190631934
699,0.6996996996996997,80.87586805555556,113.64496527777777,102.56597222222223,105.87835190972221,0.27664972773474067
700,0.7007007007007007,81.11631944444444,113.98611111111111,102.80121527777777,106.1904439236111,0.47909982801750545
701,0.7017017017017017,80.85416666666667,113.93055555555556,102.71267361111111,106.0885842013889,0.28222353797264615
702,0.7027027027027027,81.05902777777777,113.87326388888889,102.6640625,106.08765295138888,0.2182050641909499
703,0.7037037037037037,81.296875,114.20486111111111,103.01388888888889,106.40063506944445,0.5375002523416766
704,0.7047047047047047,81.1953125,114.12586805555556,102.91579861111111,106.31546493055555,0.16179167724816287
705,0.7057057057057057,81.24131944444444,114.07378472222223,102.88368055555556,106.28567708333333,0.07655639777898725
706,0.7067067067067067,81.53819444444444,114.26736111111111,102.99565972222223,106.49532343749999,0.3716798591901682
707,0.7077077077077077,81.34809027777777,114.10243055555556,102.90364583333333,106.33030555555555,0.26797059183491223
708,0.7087087087087087,81.35590277777777,114.23177083333333,103.0390625,106.43424774305555,0.18742362770737706
709,0.7097097097097097,81.67708333333333,114.56336805555556,103.05381944444444,106.74075451388889,0.461878159758405
710,0.7107107107107107,81.5546875,114.2734375,102.85850694444444,106.49327326388888,0.3703882283744503
711,0.7117117117117117,81.46527777777777,114.40364583333333,103.18402777777777,106.5908923611111,0.36181780142956477
712,0.7127127127127127,81.77517361111111,114.70052083333333,103.1015625,106.86314722222221,0.4370019624456302
713,0.7137137137137137,81.65364583333333,114.19097222222223,102.99131944444444,106.46492170138887,0.5353151587196869
714,0.7147147147147147,81.5546875,114.53038194444444,103.32291666666667,106.71057031249998,0.484714791460472
715,0.7157157157157157,81.87413194444444,114.62239583333333,103.03732638888889,106.82367291666667,0.43826146944041033
716,0.7167167167167167,81.84375,114.30989583333333,103.11284722222223,106.59916631944444,0.32292833386927783
717,0.7177177177177178,81.62239583333333,114.66666666666667,103.34375,106.82394010416667,0.4791650940996801
718,0.7187187187187187,81.9296875,114.73697916666667,102.91927083333333,106.90891041666667,0.5287292114051033
719,0.7197197197197197,82.02604166666667,114.55815972222223,103.22222222222223,106.82337673611111,0.36474657390462406
720,0.7207207207207207,81.78559027777777,114.76649305555556,103.14583333333333,106.91574149305556,0.32719246712303374
721,0.7217217217217218,82.00868055555556,114.72829861111111,103.03298611111111,106.92770625,0.25290825053496974
722,0.7227227227227228,82.19097222222223,114.54513888888889,103.32118055555556,106.85627326388888,0.38708367750304046
723,0.7237237237237237,81.953125,114.87152777777777,103.04253472222223,107.0190220486111,0.4906572208201737
724,0.7247247247247247,82.0390625,114.71614583333333,103.109375,106.93098906249999,0.18972723921196868
725,0.7257257257257257,82.33940972222223,114.65798611111111,103.41579861111111,106.97537083333333,0.4329970399805861
726,0.7267267267267268,81.98697916666667,114.95659722222223,103.10590277777777,107.09163628472223,0.5562475345433721
727,0.7277277277277278,82.06510416666667,115.02777777777777,103.19184027777777,107.16535868055556,0.13621835786870187
728,0.7287287287287287,82.37673611111111,114.703125,103.078125,106.99120972222222,0.464160596471871
729,0.7297297297297297,82.25260416666667,115.02430555555556,102.96180555555556,107.18612934027777,0.36344999938698364
730,0.7307307307307307,82.09288194444444,114.99826388888889,103.26996527777777,107.15579652777775,0.34806862983391257
731,0.7317317317317318,82.41319444444444,114.79947916666667,103.03559027777777,107.06480225694445,0.44389988068280994
732,0.7327327327327328,82.265625,115.1015625,103.04079861111111,107.24985503472222,0.3362412942330666
733,0.7337337337337337,82.10763888888889,114.96006944444444,103.35677083333333,107.1378845486111,0.3805500509663685
734,0.7347347347347347,82.40972222222223,114.85763888888889,102.99045138888889,107.10240086805554,0.48573273964937635
735,0.7357357357357357,82.49913194444444,115.17447916666667,103.11979166666667,107.35735190972223,0.3537100048143856
736,0.7367367367367368,82.1171875,115.02517361111111,103.20052083333333,107.17519583333333,0.4179604118961754
737,0.7377377377377378,82.41927083333333,114.9375,102.83940972222223,107.15064236111111,0.47889689592952167
738,0.7387387387387387,82.49565972222223,115.21267361111111,103.15711805555556,107.38662534722222,0.4271935903862006
739,0.7397397397397397,82.36371527777777,114.86458333333333,103.1328125,107.10786493055554,0.3730508516731153
740,0.7407407407407407,82.42013888888889,114.98784722222223,102.88715277777777,107.19028229166665,0.2805820901574721
741,0.7417417417417418,82.734375,115.28645833333333,103.234375,107.495725,0.5554063384677789
742,0.7427427427427428,82.35503472222223,114.91493055555556,102.84288194444444,107.12109479166666,0.6596959515968189
743,0.7437437437437437,82.41232638888889,115.05555555555556,102.95659722222223,107.24206024305556,0.18970738017937605
744,0.7447447447447447,82.80555555555556,115.31336805555556,103.2734375,107.53292413194445,0.566995788605092
745,0.7457457457457457,83.4765625,115.61545138888889,103.54253472222223,107.91105902777777,0.7835291792767912
746,0.7467467467467468,83.81684027777777,115.93489583333333,103.84895833333333,108.23399253472222,0.5583270981979683
747,0.7477477477477478,84.21440972222223,116.26041666666667,104.1875,108.57577100694445,0.6153338412271471
748,0.7487487487487487,84.75347222222223,116.53819444444444,104.47048611111111,108.90947395833332,0.6692010249657414
749,0.7497497497497497,85.04947916666667,116.88541666666667,104.76388888888889,109.2419220486111,0.5424652733327641
750,0.7507507507507507,85.3046875,117.16579861111111,104.97482638888889,109.51193819444444,0.4338662894020138
751,0.7517517517517518,85.62673611111111,117.453125,105.16232638888889,109.7994390625,0.47056137928066827
752,0.7527527527527528,85.91232638888889,117.77256944444444,105.35069444444444,110.10222239583334,0.4680695292383225
753,0.7537537537537538,86.19357638888889,118.11631944444444,105.58854166666667,110.42503871527776,0.5038223160190805
754,0.7547547547547547,86.47916666666667,118.37065972222223,105.76215277777777,110.68019409722221,0.41999000174111845
755,0.7557557557557557,87.00694444444444,118.70746527777777,105.93923611111111,111.04606840277776,0.6506503453572959
756,0.7567567567567568,87.51302083333333,119.03211805555556,106.14930555555556,111.40101892361112,0.6369002347297761
757,0.7577577577577578,87.82465277777777,119.28993055555556,106.36111111111111,111.66695173611112,0.4565559629647526
758,0.7587587587587588,88.30729166666667,119.63975694444444,106.66059027777777,112.04137899305555,0.6670881281347355
759,0.7597597597597597,88.74131944444444,119.984375,106.97829861111111,112.4030626736111,0.6388116319910386
760,0.7607607607607607,89.15451388888889,120.22743055555556,107.3046875,112.6883064236111,0.5799442721471553
761,0.7617617617617618,89.42447916666667,120.57986111111111,107.59027777777777,113.01837899305556,0.5278734265484675
762,0.7627627627627628,89.74045138888889,120.68576388888889,107.90017361111111,113.18367083333331,0.45507062207360677
763,0.7637637637637638,90.078125,120.95399305555556,108.25347222222223,113.47280590277778,0.5574856608959188
764,0.7647647647647647,90.31510416666667,121.40104166666667,108.52517361111111,113.86253368055556,0.5743110924007614
765,0.7657657657657657,90.63888888888889,121.54513888888889,108.83767361111111,114.05699114583332,0.47250058814426327
766,0.7667667667667668,91.19791666666667,121.91059027777777,108.95659722222223,114.44579756944444,0.678387499330355
767,0.7677677677677678,91.47048611111111,122.28125,109.25434027777777,114.79033871527777,0.5480270603302021
768,0.7687687687687688,91.98350694444444,122.36805555555556,109.33420138888889,114.96725624999999,0.5264060951178601
769,0.7697697697697697,92.58420138888889,122.60416666666667,109.72916666666667,115.2923470486111,0.7566900574387285
770,0.7707707707707707,92.94704861111111,122.90277777777777,109.7421875,115.58399513888888,0.47010237656715514
771,0.7717717717717718,93.36371527777777,123.22482638888889,110.08159722222223,115.92741302083331,0.6265184582824925
772,0.7727727727727728,93.68489583333333,123.48958333333333,110.22135416666667,116.19514062499998,0.43907310600739513
773,0.7737737737737738,94.00520833333333,123.90538194444444,110.48090277777777,116.57935763888888,0.5855374148488572
774,0.7747747747747747,94.29166666666667,124.05555555555556,110.83420138888889,116.77317100694444,0.4789889339257339
775,0.7757757757757757,94.63541666666667,124.35416666666667,111.19618055555556,117.08595381944444,0.5816885552249692
776,0.7767767767767768,94.94357638888889,124.53038194444444,111.43142361111111,117.29448229166667,0.4258562359640685
777,0.7777777777777778,95.49392361111111,124.80989583333333,111.81163194444444,117.6388454861111,0.7249610029688623
778,0.7787787787787788,95.89236111111111,125.24045138888889,112.16493055555556,118.05699479166665,0.684799559315751
779,0.7797797797797797,96.45833333333333,125.52777777777777,112.43402777777777,118.40224513888887,0.6894159303981817
780,0.7807807807807807,96.99392361111111,125.77777777777777,112.78211805555556,118.72004374999997,0.6859473646960834
781,0.7817817817817818,97.421875,126.12934027777777,113.04513888888889,119.08145381944445,0.6131219629286941
782,0.7827827827827828,97.73871527777777,126.50260416666667,113.18923611111111,119.42617621527778,0.5103701615718955
783,0.7837837837837838,98.11197916666667,126.78298611111111,113.49392361111111,119.72805972222221,0.5574714684853044
784,0.7847847847847848,98.36892361111111,127.12847222222223,113.66059027777777,120.0418111111111,0.46169132359111886
785,0.7857857857857858,98.73958333333333,127.51909722222223,113.84461805555556,120.41327517361111,0.5690718261315343
786,0.7867867867867868,99.07204861111111,127.78819444444444,114.1484375,120.69835138888888,0.52464533806954
787,0.7877877877877878,99.45572916666667,128.19097222222223,114.31510416666667,121.080021875,0.5807051616447124
788,0.7887887887887888,99.80902777777777,128.50868055555554,114.54166666666667,121.3987159722222,0.5263924962313907
789,0.7897897897897898,100.55902777777777,128.80729166666666,114.93489583333333,121.80012378472222,0.8979408517248605
790,0.7907907907907908,101.02604166666667,129.19704861111111,115.21440972222223,122.19834600694443,0.6694329408085695
791,0.7917917917917918,101.42881944444444,129.53559027777777,115.58072916666667,122.55254982638888,0.6411164743781922
792,0.7927927927927928,101.99305555555556,129.84722222222223,115.93836805555556,122.92120711805556,0.7371447840999105
793,0.7937937937937938,102.265625,130.27690972222223,116.234375,123.30783958333335,0.5886812047792402
794,0.7947947947947948,102.65798611111111,130.55642361111111,116.61805555555556,123.618865625,0.6158620172616245
795,0.7957957957957958,102.99565972222223,130.91493055555554,116.84288194444444,123.96329166666666,0.5413848926563404
796,0.7967967967967968,103.28559027777777,131.30642361111111,117.15538194444444,124.3274892361111,0.5787769774213409
797,0.7977977977977978,103.68489583333333,131.60850694444446,117.33506944444444,124.64140503472224,0.5319650971930072
798,0.7987987987987988,104.12673611111111,131.875,117.6484375,124.94856128472222,0.6036894217797354
799,0.7997997997997998,104.60850694444444,132.11892361111111,117.77777777777777,125.2347782986111,0.555275401367472
800,0.8008008008008008,105.16232638888889,132.65104166666666,118.13541666666667,125.75891267361109,0.8472137728688375
801,0.8018018018018018,105.63715277777777,132.859375,118.37413194444444,126.02609600694444,0.5708308516605946
802,0.8028028028028028,106.2265625,133.05381944444446,118.48697916666667,126.29861875,0.6308303719611725
803,0.8038038038038038,106.66145833333333,133.43576388888889,118.86371527777777,126.69144461805556,0.6906128017259517
804,0.8048048048048048,107.06684027777777,133.91927083333334,119.20746527777777,127.1482517361111,0.7185245637468303
805,0.8058058058058059,107.40190972222223,134.13107638888889,119.55729166666667,127.3962282986111,0.5286885929614494
806,0.8068068068068068,107.74045138888889,134.39756944444446,119.93489583333333,127.68606111111112,0.5728995683475451
807,0.8078078078078078,108.19097222222223,134.77083333333334,120.29427083333333,128.0747470486111,0.6866187753337539
808,0.8088088088088088,108.44878472222223,134.9921875,120.64236111111111,128.31300260416666,0.4864481408540444
809,0.8098098098098098,108.99305555555556,135.30034722222223,121.06336805555556,128.67950711805554,0.7539496015569497
810,0.8108108108108109,109.4765625,135.74826388888889,121.359375,129.12402239583332,0.7225153401576373
811,0.8118118118118118,109.99045138888889,136.03472222222223,121.65104166666667,129.45920850694444,0.6566655246805768
812,0.8128128128128128,110.67274305555556,136.37673611111111,121.91579861111111,129.8679875,0.8078314540962372
813,0.8138138138138138,111.02083333333333,136.76475694444446,122.2265625,130.24194114583332,0.6068782441490645
814,0.8148148148148148,111.59982638888889,136.88368055555554,122.46006944444444,130.46694843749998,0.6355322783030312
815,0.8158158158158159,112.07204861111111,137.30034722222223,122.64670138888889,130.87881770833334,0.6568381999843952
816,0.8168168168168168,112.36805555555556,137.65277777777777,122.921875,131.21367465277777,0.5362349521436055
817,0.8178178178178178,112.79513888888889,138.05555555555554,123.23524305555556,131.6151644097222,0.6654544688597241
818,0.8188188188188188,113.11631944444444,138.41145833333334,123.40451388888889,131.95021041666666,0.5084056957925333
819,0.8198198198198198,113.70659722222223,138.82638888888889,123.89756944444444,132.40806041666667,0.8738987365456662
820,0.8208208208208209,114.85590277777777,139.90711805555554,124.67708333333333,133.48162118055555,1.7596933524581824
821,0.8218218218218218,115.51302083333333,140.56423611111111,125.53645833333333,134.1533421875,1.265754189603673
822,0.8228228228228228,116.62586805555556,140.90451388888889,125.9921875,134.66620381944443,1.2497627692517517
823,0.8238238238238238,117.44184027777777,141.83680555555554,126.2890625,135.52788888888887,1.274014593636726
824,0.8248248248248248,118.36371527777777,142.68663194444446,127.08072916666667,136.38883368055556,1.4828332738336063
825,0.8258258258258259,119.49392361111111,143.11892361111111,128.00520833333334,137.00503836805555,1.5227963394381638
826,0.8268268268268268,120.08159722222223,143.84982638888889,128.43229166666666,137.6835548611111,1.0305238072799359
827,0.8278278278278278,121.58159722222223,144.88107638888889,128.96440972222223,138.77842378472224,1.8964773100536272
828,0.8288288288288288,121.94791666666667,145.25086805555554,129.60590277777777,139.1670940972222,0.8261048071765327
829,0.8298298298298298,123.30121527777777,145.94965277777777,130.43402777777777,140.01436684027777,1.7336401686830603
830,0.8308308308308309,123.9296875,146.73871527777777,131.07204861111111,140.7583826388889,1.1935943811775294
831,0.8318318318318318,125.03298611111111,147.51128472222223,131.43576388888889,141.57174583333332,1.3951416326158046
832,0.8328328328328328,125.84201388888889,147.87934027777777,132.25173611111111,142.06589166666666,1.2065659967981943
833,0.8338338338338338,126.83506944444444,148.92013888888889,133.02517361111111,143.07723663194443,1.6332870695982475
834,0.8348348348348348,127.79253472222223,149.68055555555554,133.70399305555554,143.87365451388888,1.3984881491276089
835,0.8358358358358359,128.73871527777777,150.125,134.14496527777777,144.42451736111113,1.1345682036266258
836,0.8368368368368369,129.8046875,150.77430555555554,134.74131944444446,145.1585831597222,1.3833050188318574
837,0.8378378378378378,130.58420138888889,151.95486111111111,135.72309027777777,146.23952500000001,1.7219835341569873
838,0.8388388388388388,131.87065972222223,152.34288194444446,136.32552083333334,146.8340340277778,1.4725684312691543
839,0.8398398398398398,132.41840277777777,152.80208333333334,136.80555555555554,147.31356354166664,0.8610004094109067
840,0.8408408408408409,133.7421875,153.9375,137.39930555555554,148.4499189236111,1.8423126933920326
841,0.8418418418418419,134.51649305555554,154.71701388888889,138.40972222222223,149.24499670138889,1.4926931488462953
842,0.8428428428428428,135.73697916666666,155.13107638888889,139.12065972222223,149.8519392361111,1.4718920579402661
843,0.8438438438438438,136.65104166666666,156.11111111111111,139.56336805555554,150.7791532986111,1.411371311551362
844,0.8448448448448449,137.72395833333334,157.09895833333334,140.33940972222223,151.7697939236111,1.6520390359994923
845,0.8458458458458459,138.82638888888889,157.50173611111111,141.22395833333334,152.3561017361111,1.4696970141878578
846,0.8468468468468469,139.7109375,158.56857638888889,142.04340277777777,153.36632482638888,1.6099887022083081
847,0.8478478478478478,141.0,159.42013888888889,142.42013888888889,154.2766173611111,1.5902109664216335
848,0.8488488488488488,141.63802083333334,159.98263888888889,143.20920138888889,154.87153090277775,1.160213972797097
849,0.8498498498498499,143.0,160.65798611111111,144.14670138888889,155.71178350694444,1.7860535745036548
850,0.8508508508508509,143.55555555555554,161.75868055555554,144.87065972222223,156.66938107638887,1.429785264905975
851,0.8518518518518519,145.0,162.38628472222223,145.38020833333334,157.462121875,1.6552783844988452
852,0.8528528528528528,145.79600694444446,162.82986111111111,146.04947916666666,157.99692013888887,1.130623950185991
853,0.8538538538538538,147.0,164.109375,147.1015625,159.24395781249999,2.04783651934507
854,0.8548548548548549,148.0,164.74913194444446,147.72743055555554,159.9592996527778,1.342013327403936
855,0.8558558558558559,149.0,165.33420138888889,148.32204861111111,160.63327274305556,1.3022583794375067
856,0.8568568568568569,150.1484375,166.08767361111111,148.96354166666666,161.4626296875,1.515962539574359
857,0.8578578578578578,151.0,167.24652777777777,149.98611111111111,162.54631388888887,1.7645820864211357
858,0.8588588588588588,152.26649305555554,167.70746527777777,150.70746527777777,163.1973145833333,1.5286660434653518
859,0.8598598598598599,153.0,168.5546875,151.17013888888889,163.99259652777775,1.2123880574279893
860,0.8608608608608609,154.39670138888889,169.44270833333334,151.94618055555554,164.98067795138888,1.8280034022290412
861,0.8618618618618619,155.25173611111111,170.12239583333334,152.85069444444446,165.7138767361111,1.4181695417173648
862,0.8628628628628628,156.33420138888889,170.69097222222223,153.69097222222223,166.41132274305556,1.4836026865113123
863,0.8638638638638638,157.37413194444446,171.82291666666666,154.0703125,167.46936701388887,1.5832412425247273
864,0.8648648648648649,158.35677083333334,172.67274305555554,154.92621527777777,168.34786805555555,1.5557485793714911
865,0.8658658658658659,159.49045138888889,173.05729166666666,155.66927083333334,168.91756631944443,1.4089857327149238
866,0.8668668668668669,160.33506944444446,174.16927083333334,156.66753472222223,169.96449427083334,1.7165104481857292
867,0.8678678678678678,161.62586805555554,175.0,157.0,170.8570595486111,1.5706066228450832
868,0.8688688688688688,162.35503472222223,175.61979166666666,157.87413194444446,171.51846770833333,1.2961220598946248
869,0.8698698698698699,163.74131944444446,176.25173611111111,158.62586805555554,172.31943385416668,1.6988956097063155
870,0.8708708708708709,164.34548611111111,177.61111111111111,159.61111111111111,173.49123923611108,1.7842706157577606
871,0.8718718718718719,166.0,178.0,160.0,174.14919999999998,1.7435266973375223
872,0.8728728728728729,166.62326388888889,178.82552083333334,160.703125,174.92288402777777,1.2507307012643745
873,0.8738738738738738,167.99305555555554,179.74739583333334,161.62152777777777,175.93973541666668,1.8893507847735278
874,0.8748748748748749,168.74479166666666,180.52170138888889,162.52170138888889,176.71833038194444,1.4053358332631611
875,0.8758758758758759,170.0,181.0,163.0,177.3618,1.4258636270173632
876,0.8768768768768769,170.92534722222223,182.28645833333334,163.55121527777777,178.5184015625,1.677820254834475
877,0.8778778778778779,172.0,183.0,164.5,179.3257,1.6013159438340776
878,0.8788788788788788,173.18315972222223,183.5,165.5,180.0070397569444,1.6278411864457114
879,0.8798798798798799,174.0,184.5,166.0,180.932,1.3846400396493188
880,0.8808808808808809,175.34027777777777,185.5,166.5,181.96824305555555,1.745378045468924
881,0.8818818818818819,176.0,186.0,167.37760416666666,182.5294630208333,1.206408920658544
882,0.8828828828828829,177.5,186.62586805555554,168.5,183.37702083333332,1.9752172613788401
883,0.8838838838838838,178.12586805555554,187.87413194444446,169.0,184.43893871527777,1.4831970736449527
884,0.8848848848848849,179.5,188.5,169.5,185.21479999999997,1.590581473457924
885,0.8858858858858859,180.25173611111111,189.0,170.37413194444446,185.79533142361112,1.256667751255959
886,0.8868868868868869,181.5,190.0,171.5,186.85719999999998,1.9559503099067788
887,0.8878878878878879,182.5,191.0,172.0,187.82109999999997,1.5
888,0.8888888888888888,183.5,191.5,172.5,188.42739999999998,1.224744871391589
889,0.8898898898898899,184.62152777777777,192.25173611111111,173.5,189.2756784722222,1.6801582476289572
890,0.8908908908908909,185.5,193.12586805555554,174.5,190.1598208333333,1.5924258543223475
891,0.8918918918918919,186.12586805555554,194.0,175.0,190.95415954861107,1.1856717417831646
892,0.8928928928928929,187.37413194444446,194.5,175.87413194444446,191.64025277777776,1.603829602109377
893,0.8938938938938938,188.0,195.0,177.0,192.2122,1.3817704952289636
894,0.8948948948948949,189.0,195.5,177.5,192.81849999999997,1.224744871391589
895,0.8958958958958959,190.0,196.5,178.5,193.8185,1.7320508075688772
896,0.8968968968968969,190.62586805555554,197.24739583333334,179.5,194.5582970486111,1.396535482774755
897,0.8978978978978979,191.74739583333334,198.0,180.0,195.37109635416667,1.4402213677109585
898,0.8988988988988988,192.5,198.5,180.87413194444446,195.95181232638888,1.2571872127818755
899,0.8998998998998999,193.5,199.0,182.0,196.6033,1.5866880217989985
900,0.9009009009009009,194.5,199.75173611111111,182.5,197.38964166666668,1.3472591364501714
901,0.9019019019019019,195.0,200.74739583333334,183.25173611111111,198.2623128472222,1.3440407223012654
902,0.9029029029029029,196.37847222222223,201.5,184.5,199.18376319444445,2.0061808082588937
903,0.9039039039039038,197.0,202.0,185.0,199.7096,0.9414333638390849
904,0.9049049049049049,197.75173611111111,202.5,185.75173611111111,200.28129444444443,1.1748252472163352
905,0.9059059059059059,198.58680555555554,202.86371527777777,186.39149305555554,200.76514982638886,1.1130672613542094
906,0.9069069069069069,190.96527777777777,195.95659722222223,180.17274305555554,193.7558484375,12.019518171013328
907,0.9079079079079079,191.90190972222223,196.66579861111111,180.54861111111111,194.48933489583334,1.2335002247842743
908,0.908908908908909,192.61024305555554,197.140625,181.61545138888889,195.05654826388889,1.365776112320499
909,0.9099099099099099,197.0234375,201.08940972222223,185.5078125,199.0999927083333,7.08658316865196
910,0.9109109109109109,197.9453125,201.29947916666666,185.74479166666666,199.4633348958333,0.9747521800684593
911,0.9119119119119119,198.03298611111111,201.89409722222223,186.61979166666666,199.97042013888887,1.0615471228720614
912,0.9129129129129129,199.12934027777777,202.515625,187.23958333333334,200.6927706597222,1.404432606922163
913,0.913913913913914,199.84461805555554,203.23003472222223,187.83420138888889,201.39871597222222,1.1728487466766564
914,0.914914914914915,200.46180555555554,203.62413194444446,188.71440972222223,201.87533940972222,1.1449889697237208
915,0.9159159159159159,197.29513888888889,200.01302083333334,185.77604166666666,198.4072892361111,5.630444748372662
916,0.9169169169169169,156.11371527777777,161.80121527777777,150.38628472222223,159.76789479166666,66.39643537901881
917,0.9179179179179179,143.0703125,149.54340277777777,139.34635416666666,147.43099687499998,21.03008297606043
918,0.918918918918919,138.95399305555554,145.71614583333334,135.85416666666666,143.56647725694444,6.617201449454737
919,0.91991991991992,161.81510416666666,167.00520833333334,155.51475694444446,165.07218159722223,36.910613560792044
920,0.9209209209209209,168.94184027777777,173.02604166666666,161.60763888888889,171.33333177083333,11.142890648935294
921,0.9219219219219219,171.09461805555554,175.14149305555554,163.80555555555554,173.46267274305552,3.733687776563111
922,0.9229229229229229,171.95920138888889,175.92881944444446,164.27690972222223,174.24361076388888,1.2607783046010497
923,0.923923923923924,174.90017361111111,178.61111111111111,166.90885416666666,176.97726284722222,4.771911331489096
924,0.924924924924925,178.74131944444446,182.12847222222223,170.515625,180.56991597222225,6.335221096621255
925,0.9259259259259259,181.96875,184.67100694444446,172.921875,183.24821979166666,4.761389489123865
926,0.9269269269269269,171.54166666666666,174.94791666666666,164.36371527777777,173.45956857638888,16.62842894627036
927,0.9279279279279279,165.78993055555554,169.50520833333334,159.44791666666666,167.98920381944444,9.320440884346484
928,0.928928928928929,166.17361111111111,169.92100694444446,159.5,168.37191388888888,0.5681654048993793
929,0.92992992992993,180.59809027777777,183.39409722222223,172.07986111111111,181.9827782986111,23.40603910185566
930,0.9309309309309309,188.23697916666666,189.81857638888889,178.75173611111111,188.6833029513889,12.005851574767572
931,0.9319319319319319,188.83420138888889,190.40972222222223,179.34635416666666,189.27599131944442,1.0294165391016816
932,0.9329329329329329,189.35677083333334,190.84548611111111,179.80208333333334,189.73165156250002,0.8189371553893897
933,0.933933933933934,188.52170138888889,189.81423611111111,179.28472222222223,188.77921232638886,1.424247190214852
934,0.934934934934935,184.84635416666666,186.88628472222223,176.15538194444446,185.67782430555556,5.6456927930693555
935,0.9359359359359359,184.50607638888889,185.96788194444446,175.51128472222223,184.90213576388888,1.1722260276728613
936,0.9369369369369369,182.24131944444446,183.81684027777777,174.0234375,182.77480086805556,3.4597389534211764
937,0.9379379379379379,178.78385416666666,180.48524305555554,170.98958333333334,179.4379411458333,5.679601861289101
938,0.938938938938939,165.80121527777777,168.36371527777777,159.4296875,167.1738909722222,21.19225188280485
939,0.93993993993994,166.91840277777777,169.59548611111111,160.9765625,168.40405190972223,2.2711648028339924
940,0.9409409409409409,178.30902777777777,179.86111111111111,170.52517361111111,178.85708350694443,18.063924509432734
941,0.9419419419419419,220.55902777777777,218.39409722222223,207.20138888888889,218.04624791666666,67.9337786799835
942,0.9429429429429429,229.16145833333334,226.01475694444446,215.01996527777777,225.8899217013889,13.899870604215964
943,0.943943943943944,230.27604166666666,226.51215277777777,215.63628472222223,226.52711788194443,1.3673142577922854
944,0.944944944944945,230.76996527777777,227.5,216.25347222222223,227.3831953125,1.265196853545513
945,0.9459459459459459,231.99913194444446,228.23697916666666,217.36284722222223,228.25170052083334,1.8123746514366645
946,0.9469469469469469,232.37239583333334,228.85677083333334,218.10590277777777,228.8279800347222,1.037110987050026
947,0.9479479479479479,232.37326388888889,228.85590277777777,218.47395833333334,228.8541173611111,0.3680576028507159
948,0.948948948948949,232.74565972222223,228.984375,218.84461805555554,229.05193368055555,0.5408996193792255
949,0.94994994994995,233.23611111111111,229.4765625,219.09288194444446,229.52614079861112,0.7378523284137105
950,0.950950950950951,233.23611111111111,229.97048611111111,219.46267361111111,229.9060939236111,0.6170141087115815
951,0.9519519519519519,236.0,232.5,222.0,232.486,4.524991437335228
952,0.9529529529529529,236.5,232.5,222.5,232.6284,0.7071067811865476
953,0.953953953953954,236.74739583333334,233.0,223.0,233.07469635416663,0.7491359678661138
954,0.954954954954955,236.5,233.5,223.5,233.41579999999996,0.7491359678661138
955,0.955955955955956,237.0,233.5,224.0,233.55819999999997,0.7071067811865476
956,0.9569569569569569,237.37413194444446,233.5,224.5,233.67384045138888,0.6244795527907941
957,0.9579579579579579,237.25173611111111,234.0,225.0,234.04151909722222,0.7176215855291446
958,0.958958958958959,237.5,234.5,225.5,234.488,0.749423083795951
959,0.95995995995996,238.0,234.5,226.0,234.6304,0.7071067811865476
960,0.960960960960961,237.99652777777777,234.5234375,226.02604166666666,234.6483045138889,0.03520711769213467
961,0.9619619619619619,235.94791666666666,232.99739583333334,224.69097222222223,233.0249527777778,2.882363799810811
962,0.9629629629629629,236.16059027777777,233.35069444444446,224.92795138888889,233.33995625,0.4756144435465634
963,0.963963963963964,236.65451388888889,233.47395833333334,225.17361111111111,233.550859375,0.5652461579164934
964,0.964964964964965,236.59548611111111,233.76909722222223,225.83767361111111,233.79733871527776,0.7290886408319622
965,0.965965965965966,235.56944444444446,232.84461805555554,224.94618055555554,232.85364895833334,1.6438318342946854
966,0.9669669669669669,235.10763888888889,232.45659722222223,224.59548611111111,232.45263645833333,0.6977185188934404
967,0.9679679679679679,234.94965277777777,232.6796875,224.94184027777777,232.60360954861108,0.44123700219987344
968,0.968968968968969,234.93055555555554,232.54340277777777,225.41579861111111,232.5362984375,0.4935329078632095
969,0.96996996996997,235.27951388888889,232.65104166666666,225.78125,232.71385590277777,0.5166360096284751
970,0.970970970970971,230.17708333333334,228.09895833333334,221.35763888888889,228.05404444444446,8.143991374640786
971,0.9719719719719719,181.77604166666666,183.96006944444446,178.56423611111111,183.10616597222221,78.24434591754986
972,0.972972972972973,165.24131944444446,168.59895833333334,163.76475694444446,167.53609496527778,26.988615324587336
973,0.973973973973974,159.75607638888889,163.22829861111111,158.87065972222223,162.17548263888887,9.104068587778988
974,0.974974974974975,188.97048611111111,190.50173611111111,185.29513888888889,189.80027604166668,47.91216158465279
975,0.975975975975976,196.88194444444446,198.19618055555554,192.78645833333334,197.52619201388885,13.338497489875797
976,0.9769769769769769,200.69965277777777,201.46440972222223,196.07378472222223,200.91261927083335,6.005225523770002
977,0.977977977977978,203.22222222222223,203.58854166666666,198.46354166666666,203.14063715277774,4.072619718679177
978,0.978978978978979,207.1953125,207.67881944444446,202.44097222222223,207.1978532986111,6.952393291451674
979,0.97997997997998,209.63020833333334,210.06770833333334,204.78559027777777,209.5933269097222,4.139171616287237
980,0.980980980980981,209.61892361111111,209.86371527777777,204.79774305555554,209.445909375,0.2046660735887782
981,0.9819819819819819,195.41927083333334,196.8515625,192.5,196.23287447916667,22.85127443234067
982,0.982982982982983,187.328125,189.46614583333334,185.44097222222223,188.72098506944445,13.032301922683626
983,0.983983983983984,186.88454861111111,189.07725694444446,185.06770833333334,188.32159774305555,0.6980834559201289
984,0.984984984984985,202.82204861111111,203.77690972222223,199.46614583333334,203.26266909722221,26.026884186906354
985,0.985985985985986,210.96440972222223,211.34982638888889,206.92447916666666,210.9483767361111,13.389318407414288
986,0.986986986986987,212.09982638888889,212.39409722222223,207.94097222222223,212.01001961805557,1.8474118956767163
987,0.987987987987988,212.296875,212.5859375,208.13194444444446,212.20290451388888,0.3348152281171929
988,0.988988988988989,209.15190972222223,209.67795138888889,205.27690972222223,209.24835972222223,5.147660933466531
989,0.98998998998999,205.28645833333334,206.09722222222223,201.76128472222223,205.61179913194445,6.334268303877356
990,0.990990990990991,203.8671875,204.78385416666666,200.47569444444446,204.27792170138886,2.322069703954055
991,0.991991991991992,201.33246527777777,202.43055555555554,198.17621527777777,201.88993819444443,4.153364363358794
992,0.992992992992993,196.5,197.96354166666666,193.78038194444446,197.3503685763889,7.913929772173764
993,0.993993993993994,178.56597222222223,181.38628472222223,177.51736111111111,180.50735,29.341449295521684
994,0.994994994994995,179.8046875,182.52170138888889,178.62152777777777,181.66247170138888,2.010664212175231
995,0.995995995995996,192.04427083333334,193.84982638888889,189.74739583333334,193.16976979166668,20.047911516636045
996,0.996996996996997,232.25173611111111,231.05208333333334,226.26649305555554,230.96160989583333,65.83534497327624
997,0.997997997997998,241.57725694444446,239.68229166666666,234.70659722222223,239.72591614583334,15.253891078470907
998,0.998998998998999,241.57204861111111,239.67881944444446,234.70225694444446,239.72201215277778,0.0076171565862706864
999,1.0,241.57986111111111,239.68489583333334,234.70833333333334,239.7284576388889,0.011613791805777643
